song,artist,first_no1_date,year,decade,weeks_at_number_one,length_sec,length_mmss,intro_length_sec,under_3_min
Poor Little Fool,Ricky Nelson,1958-08-04,1958,1950,2,154,2:34,12,1
Nel Blu Dipinto Di Blu,Domenico Modugno,1958-08-18,1958,1950,5,219,3:39,40,0
Little Star,The Elegants,1958-08-25,1958,1950,1,163,2:43,10,1
It's All in the Game,Tommy Edwards,1958-09-29,1958,1950,6,156,2:36,3,1
It's Only Make Believe,Conway Twitty,1958-11-10,1958,1950,2,134,2:14,24,1
Tom Dooley,The Kingston Trio,1958-11-17,1958,1950,1,185,3:05,31,0
To Know Him is to Love Him,The Teddy Bears,1958-12-01,1958,1950,3,142,2:22,8,1
The Chipmunk Song,The Chipmunks,1958-12-22,1958,1950,4,141,2:21,19,1
Smoke Gets in Your Eyes,The Platters,1959-01-19,1959,1950,3,158,2:38,8,1
Stagger Lee,Lloyd Price,1959-02-02,1959,1950,4,145,2:25,13,1
Venus,Frankie Avalon,1959-03-09,1959,1950,5,142,2:22,16,1
Come Softly to Me,The Fleetwoods,1959-04-13,1959,1950,4,145,2:25,15,1
The Happy Organ,"Dave ""Baby"" Cortez",1959-05-11,1959,1950,1,122,2:02,5,1
Kansas City,Wilbert Harrison,1959-05-18,1959,1950,2,145,2:25,7,1
The Battle of New Orleans,Johnny Horton,1959-06-01,1959,1950,6,151,2:31,8,1
Lonely Boy,Paul Anka,1959-07-13,1959,1950,4,151,2:31,6,1
Big Hunk o' Love,Elvis Presley,1959-08-10,1959,1950,2,141,2:21,4,1
The Three Bells (Les Trois Cloches),The Browns,1959-08-24,1959,1950,4,174,2:54,19,1
Sleep Walk,Santo & Johnny,1959-09-21,1959,1950,2,151,2:31,16,1
Mack the Knife,Bobby Darin,1959-10-05,1959,1950,9,184,3:04,6,0
Mr. Blue,The Fleetwoods,1959-11-16,1959,1950,1,145,2:25,34,1
Heartaches by the Number,Guy Mitchell,1959-12-14,1959,1950,2,155,2:35,13,1
Why,Frankie Avalon,1959-12-28,1959,1950,1,158,2:38,9,1
El Paso,Marty Robbins,1960-01-04,1960,1960,2,259,4:19,8,0
Running Bear,Johnny Preston,1960-01-18,1960,1960,3,158,2:38,4,1
Teen Angel,Mark Dinning,1960-02-08,1960,1960,2,157,2:37,10,1
Theme from A Summer Place,Percy Faith & His Orchestra,1960-02-22,1960,1960,9,144,2:24,6,1
Stuck on You,Elvis Presley,1960-04-25,1960,1960,4,140,2:20,7,1
Cathy's Clown,The Everly Brothers,1960-05-23,1960,1960,5,144,2:24,7,1
Everybody's Somebody's Fool,Connie Francis,1960-06-27,1960,1960,2,160,2:40,11,1
Alley Oop,The Hollywood Argyles,1960-07-11,1960,1960,1,165,2:45,7,1
I'm Sorry,Brenda Lee,1960-07-18,1960,1960,3,144,2:24,14,1
Itsy Bitsy Teenie Weenie Yellow Polka Dot Bikini,Brian Hyland,1960-08-08,1960,1960,1,144,2:24,4,1
It's Now or Never,Elvis Presley,1960-08-15,1960,1960,5,196,3:16,10,0
The Twist,Chubby Checker,1960-09-19,1960,1960,3,154,2:34,5,1
My Heart Has A Mind Of Its Own,Connie Francis,1960-09-26,1960,1960,2,152,2:32,8,1
Mr. Custer,Larry Verne,1960-10-10,1960,1960,1,185,3:05,26,0
Save the Last Dance for Me,The Drifters,1960-10-17,1960,1960,3,155,2:35,3,1
I Want to Be Wanted (Per Tutta La Vita),Brenda Lee,1960-10-24,1960,1960,1,185,3:05,12,0
Georgia on My Mind,Ray Charles,1960-11-14,1960,1960,1,215,3:35,16,0
Stay,Maurice Williams & the Zodiacs,1960-11-21,1960,1960,1,96,1:36,0,1
Are You Lonesome Tonight?,Elvis Presley,1960-11-28,1960,1960,6,187,3:07,8,0
Wonderland by Night,Bert Kaempfert,1961-01-09,1961,1960,3,194,3:14,13,0
Will You Love Me Tomorrow,The Shirelles,1961-01-30,1961,1960,2,162,2:42,7,1
Calcutta,Lawrence Welk,1961-02-13,1961,1960,2,136,2:16,5,1
Pony Time,Chubby Checker,1961-02-27,1961,1960,3,147,2:27,4,1
Surrender,Elvis Presley,1961-03-20,1961,1960,2,112,1:52,9,1
Blue Moon,The Marcels,1961-04-03,1961,1960,3,135,2:15,19,1
Runaway,Del Shannon,1961-04-24,1961,1960,4,137,2:17,6,1
Mother-in-Law,Ernie K-Doe,1961-05-22,1961,1960,1,154,2:34,8,1
Travelin' Man,Ricky Nelson,1961-05-29,1961,1960,2,143,2:23,8,1
Running Scared,Roy Orbison,1961-06-05,1961,1960,1,132,2:12,3,1
Moody River,Pat Boone,1961-06-19,1961,1960,1,154,2:34,14,1
Quarter to Three,Gary U.S. Bonds,1961-06-26,1961,1960,2,150,2:30,28,1
Tossin' and Turnin',Bobby Lewis,1961-07-10,1961,1960,7,159,2:39,1,1
Wooden Heart,Joe Dowell,1961-08-28,1961,1960,1,118,1:58,5,1
Michael,The Highwaymen,1961-09-04,1961,1960,2,165,2:45,20,1
Take Good Care of My Baby,Bobby Vee,1961-09-18,1961,1960,3,150,2:30,16,1
Hit the Road Jack,Ray Charles,1961-10-09,1961,1960,2,120,2:00,5,1
Runaround Sue,Dion,1961-10-23,1961,1960,2,161,2:41,46,1
Big Bad John,Jimmy Dean,1961-11-06,1961,1960,5,182,3:02,6,0
Please Mr. Postman,The Marvelettes,1961-12-11,1961,1960,1,148,2:28,25,1
The Lion Sleeps Tonight,The Tokens,1961-12-18,1961,1960,3,162,2:42,32,1
Peppermint Twist,Joey Dee & the Starliters,1962-01-27,1962,1960,3,119,1:59,8,1
Duke of Earl,Gene Chandler,1962-02-17,1962,1960,3,148,2:28,17,1
Hey! Baby,Bruce Channel,1962-03-10,1962,1960,3,142,2:22,14,1
Don't Break the Heart that Loves You,Connie Francis,1962-03-31,1962,1960,1,185,3:05,12,0
Johnny Angel,Shelley Fabares,1962-04-07,1962,1960,2,139,2:19,12,1
Good Luck Charm,Elvis Presley,1962-04-21,1962,1960,2,144,2:24,8,1
Soldier Boy,The Shirelles,1962-05-05,1962,1960,3,162,2:42,17,1
Stranger on the Shore,Mr. Acker Bilk,1962-05-26,1962,1960,1,172,2:52,0,1
I Can't Stop Loving You,Ray Charles,1962-06-02,1962,1960,5,157,2:37,0,1
The Stripper,David Rose & His Orchestra,1962-07-07,1962,1960,1,116,1:56,0,1
Roses are Red (My Love),Bobby Vinton,1962-07-14,1962,1960,4,158,2:38,9,1
Breaking Up is Hard to Do,Neil Sedaka,1962-08-11,1962,1960,2,139,2:19,15,1
The Loco-motion,Little Eva,1962-08-25,1962,1960,1,139,2:19,8,1
Sheila,Tommy Roe,1962-09-08,1962,1960,2,127,2:07,7,1
Sherry,Frankie Valli & the Four Seasons,1962-09-15,1962,1960,5,152,2:32,8,1
Monster Mash,"Bobby ""Boris"" Pickett & the Crypt-Kickers",1962-10-20,1962,1960,2,192,3:12,15,0
He's a Rebel,The Crystals,1962-11-03,1962,1960,2,151,2:31,8,1
Big Girls Don't Cry,Frankie Valli & the Four Seasons,1962-11-17,1962,1960,5,146,2:26,11,1
Telstar,The Tornados,1962-12-22,1962,1960,3,195,3:15,21,0
Go Away Little Girl,Steve Lawrence,1963-01-12,1963,1960,2,132,2:12,8,1
Walk Right In,The Rooftop Singers,1963-01-26,1963,1960,2,137,2:17,31,1
Hey Paula,Paul & Paula,1963-02-09,1963,1960,3,132,2:12,0,1
Walk Like a Man,Frankie Valli & the Four Seasons,1963-03-02,1963,1960,3,117,1:57,28,1
Our Day Will Come,Ruby & the Romantics,1963-03-23,1963,1960,1,154,2:34,12,1
He's So Fine,The Chiffons,1963-03-30,1963,1960,4,113,1:53,5,1
I Will Follow Him,Little Peggy March,1963-04-27,1963,1960,3,148,2:28,15,1
If You Wanna Be Happy,Jimmy Soul,1963-05-18,1963,1960,2,134,2:14,5,1
It's My Party,Lesley Gore,1963-06-01,1963,1960,2,140,2:20,1,1
Sukiyaki,Kyu Sakamoto,1963-06-15,1963,1960,3,182,3:02,7,0
Easier Said Than Done,The Essex,1963-07-06,1963,1960,2,129,2:09,3,1
Surf City,Jan & Dean,1963-07-20,1963,1960,2,147,2:27,5,1
So Much in Love,The Tymes,1963-08-03,1963,1960,1,140,2:20,6,1
Fingertips Pt. 2,Stevie Wonder,1963-08-10,1963,1960,3,190,3:10,13,0
My Boyfriend's Back,The Angels,1963-08-31,1963,1960,3,134,2:14,12,1
Blue Velvet,Bobby Vinton,1963-09-21,1963,1960,3,168,2:48,10,1
Sugar Shack,Jimmy Gilmer & the Fireballs,1963-10-12,1963,1960,5,123,2:03,8,1
Deep Purple,Nino Tempo & April Stevens,1963-11-16,1963,1960,1,160,2:40,13,1
I'm Leaving it Up to You,Dale & Grace,1963-11-23,1963,1960,2,131,2:11,1,1
Dominique,The Singing Nun,1963-12-07,1963,1960,4,176,2:56,2,1
There! I've Said It Again,Bobby Vinton,1964-01-04,1964,1960,4,145,2:25,3,1
I Want To Hold Your Hand,The Beatles,1964-02-01,1964,1960,7,145,2:25,7,1
She Loves You,The Beatles,1964-03-21,1964,1960,2,140,2:20,0,1
Can't Buy Me Love,The Beatles,1964-04-04,1964,1960,4,131,2:11,0,1
"Hello, Dolly!",Louis Armstrong,1964-05-09,1964,1960,1,147,2:27,12,1
My Guy,Mary Wells,1964-05-16,1964,1960,2,174,2:54,7,1
Love Me Do,The Beatles,1964-05-30,1964,1960,1,141,2:21,13,1
Chapel of Love,The Dixie Cups,1964-06-06,1964,1960,3,170,2:50,14,1
A World Without Love,Peter & Gordon,1964-06-27,1964,1960,1,160,2:40,4,1
I Get Around,The Beach Boys,1964-07-04,1964,1960,2,134,2:14,1,1
Rag Doll,Frankie Valli & the Four Seasons,1964-07-18,1964,1960,2,174,2:54,37,1
A Hard Day's Night,The Beatles,1964-08-01,1964,1960,2,154,2:34,3,1
Everybody Loves Somebody,Dean Martin,1964-08-15,1964,1960,1,165,2:45,6,1
Where Did Our Love Go,The Supremes,1964-08-22,1964,1960,2,153,2:33,4,1
House of the Rising Sun,The Animals,1964-09-05,1964,1960,3,179,2:59,12,1
"Oh, Pretty Woman",Roy Orbison,1964-09-26,1964,1960,3,178,2:58,14,1
Do Wah Diddy Diddy,Manfred Mann,1964-10-17,1964,1960,2,143,2:23,4,1
Baby Love,The Supremes,1964-10-31,1964,1960,4,158,2:38,9,1
Leader of the Pack,The Shangri-Las,1964-11-28,1964,1960,1,171,2:51,16,1
Ringo,Lorne Greene,1964-12-05,1964,1960,1,214,3:34,22,0
Mr. Lonely,Bobby Vinton,1964-12-12,1964,1960,1,161,2:41,17,1
Come See About Me,The Supremes,1964-12-19,1964,1960,1,163,2:43,10,1
I Feel Fine,The Beatles,1964-12-26,1964,1960,3,139,2:19,15,1
Downtown,Petula Clark,1965-01-23,1965,1960,2,183,3:03,8,0
You've Lost That Lovin' Feelin',The Righteous Brothers,1965-02-06,1965,1960,2,225,3:45,0,0
This Diamond Ring,Gary Lewis & the Playboys,1965-02-20,1965,1960,2,137,2:17,7,1
My Girl,The Temptations,1965-03-06,1965,1960,1,165,2:45,9,1
Eight Days a Week,The Beatles,1965-03-13,1965,1960,2,163,2:43,7,1
Stop! In the Name of Love,The Supremes,1965-03-27,1965,1960,2,172,2:52,19,1
I'm Telling You Now,Freddie & the Dreamers,1965-04-10,1965,1960,2,128,2:08,6,1
The Game of Love,Wayne Fontana & the Mindbenders,1965-04-24,1965,1960,1,127,2:07,20,1
"Mrs. Brown, You've Got a Lovely Daughter",Herman's Hermits,1965-05-01,1965,1960,3,167,2:47,6,1
Ticket to Ride,The Beatles,1965-05-22,1965,1960,1,189,3:09,7,0
"Help Me, Rhonda",The Beach Boys,1965-05-29,1965,1960,2,167,2:47,0,1
Back in My Arms Again,The Supremes,1965-06-12,1965,1960,1,174,2:54,15,1
I Can't Help Myself (Sugar Pie Honey Bunch),Four Tops,1965-06-19,1965,1960,2,163,2:43,10,1
Mr. Tambourine Man,The Byrds,1965-06-26,1965,1960,1,149,2:29,8,1
(I Can't Get No) Satisfaction,The Rolling Stones,1965-07-10,1965,1960,4,222,3:42,14,0
"I'm Henry VIII, I Am",Herman's Hermits,1965-08-07,1965,1960,1,110,1:50,6,1
I Got You Babe,Sonny & Cher,1965-08-14,1965,1960,3,193,3:13,7,0
Help!,The Beatles,1965-09-04,1965,1960,3,140,2:20,11,1
Eve of Destruction,Barry McGuire,1965-09-25,1965,1960,1,217,3:37,13,0
Hang On Sloopy,The McCoys,1965-10-02,1965,1960,1,182,3:02,8,0
Yesterday,The Beatles,1965-10-09,1965,1960,4,123,2:03,6,1
Get Off Of My Cloud,The Rolling Stones,1965-11-06,1965,1960,2,175,2:55,11,1
I Hear a Symphony,The Supremes,1965-11-20,1965,1960,2,166,2:46,8,1
Turn! Turn! Turn! (To Everything There is a Season),The Byrds,1965-12-04,1965,1960,3,229,3:49,14,0
Over and Over,The Dave Clark Five,1965-12-25,1965,1960,1,121,2:01,7,1
The Sound of Silence,Simon & Garfunkel,1966-01-01,1966,1960,2,185,3:05,3,0
We Can Work it Out,The Beatles,1966-01-08,1966,1960,3,136,2:16,0,1
My Love,Petula Clark,1966-02-05,1966,1960,2,164,2:44,6,1
Lightnin' Strikes,Lou Christie,1966-02-19,1966,1960,1,181,3:01,8,0
These Boots are Made for Walkin',Nancy Sinatra,1966-02-26,1966,1960,1,162,2:42,12,1
The Ballad of the Green Berets,SSgt. Barry Sadler,1966-03-05,1966,1960,5,166,2:46,6,1
(You're My) Soul and Inspiration,The Righteous Brothers,1966-04-09,1966,1960,3,180,3:00,0,0
Good Lovin',The Young Rascals,1966-04-30,1966,1960,1,168,2:48,2,1
"Monday, Monday",The Mamas & the Papas,1966-05-07,1966,1960,3,208,3:28,12,0
When a Man Loves a Woman,Percy Sledge,1966-05-28,1966,1960,2,174,2:54,14,1
"Paint it, Black",The Rolling Stones,1966-06-11,1966,1960,2,199,3:19,15,0
Paperback Writer,The Beatles,1966-06-25,1966,1960,2,146,2:26,12,1
Strangers in the Night,Frank Sinatra,1966-07-02,1966,1960,1,155,2:35,11,1
Hanky Panky,Tommy James & the Shondells,1966-07-16,1966,1960,2,172,2:52,0,1
Wild Thing,The Troggs,1966-07-30,1966,1960,2,159,2:39,7,1
Summer in the City,The Lovin' Spoonful,1966-08-13,1966,1960,3,161,2:41,7,1
Sunshine Superman,Donovan,1966-09-03,1966,1960,1,195,3:15,14,0
You Can't Hurry Love,The Supremes,1966-09-10,1966,1960,2,167,2:47,7,1
Cherish,The Association,1966-09-24,1966,1960,3,193,3:13,9,0
Reach Out I'll Be There,Four Tops,1966-10-15,1966,1960,2,180,3:00,16,0
96 Tears,? & the Mysterians,1966-10-29,1966,1960,1,186,3:06,9,0
Last Train to Clarksville,The Monkees,1966-11-05,1966,1960,1,166,2:46,9,1
Poor Side of Town,Johnny Rivers,1966-11-12,1966,1960,1,183,3:03,20,0
You Keep Me Hangin' On,The Supremes,1966-11-19,1966,1960,2,167,2:47,8,1
Winchester Cathedral,The New Vaudeville Band,1966-12-03,1966,1960,3,140,2:20,64,1
Good Vibrations,The Beach Boys,1966-12-10,1966,1960,1,219,3:39,0,0
I'm a Believer,The Monkees,1966-12-31,1966,1960,7,167,2:47,5,1
Kind of a Drag,The Buckinghams,1967-02-18,1967,1960,2,125,2:05,6,1
Ruby Tuesday,The Rolling Stones,1967-03-04,1967,1960,1,192,3:12,0,0
Love is Here and Now You're Gone,The Supremes,1967-03-11,1967,1960,1,167,2:47,6,1
Penny Lane,The Beatles,1967-03-18,1967,1960,1,183,3:03,0,0
Happy Together,The Turtles,1967-03-25,1967,1960,3,170,2:50,8,1
Somethin' Stupid,Frank Sinatra & Nancy Sinatra,1967-04-15,1967,1960,4,162,2:42,9,1
The Happening,The Supremes,1967-05-13,1967,1960,1,169,2:49,10,1
Groovin',The Young Rascals,1967-05-20,1967,1960,4,150,2:30,9,1
Respect,Aretha Franklin,1967-06-03,1967,1960,2,149,2:29,8,1
Windy,The Association,1967-07-01,1967,1960,4,173,2:53,15,1
Light My Fire,The Doors,1967-07-29,1967,1960,3,174,2:54,10,1
All You Need is Love,The Beatles,1967-08-19,1967,1960,1,237,3:57,26,0
Ode to Billie Joe,Bobbie Gentry,1967-08-26,1967,1960,4,255,4:15,8,0
The Letter,Box Tops,1967-09-23,1967,1960,4,112,1:52,3,1
To Sir With Love,Lulu,1967-10-21,1967,1960,5,166,2:46,10,1
Incense and Peppermints,Strawberry Alarm Clock,1967-11-25,1967,1960,1,167,2:47,18,1
Daydream Believer,The Monkees,1967-12-02,1967,1960,4,172,2:52,7,1
"Hello, Goodbye",The Beatles,1967-12-30,1967,1960,3,207,3:27,0,0
Judy in Disguise (With Glasses),John Fred & His Playboy Band,1968-01-20,1968,1960,2,175,2:55,23,1
Green Tambourine,The Lemon Pipers,1968-02-03,1968,1960,2,147,2:27,20,1
Love is Blue,Paul Mauriat,1968-02-10,1968,1960,5,151,2:31,14,1
(Sittin' On) The Dock of the Bay,Otis Redding,1968-03-16,1968,1960,4,164,2:44,9,1
Honey,Bobby Goldsboro,1968-04-13,1968,1960,5,239,3:59,10,0
Tighten Up,Archie Bell & the Drells,1968-05-18,1968,1960,2,195,3:15,37,0
Mrs. Robinson,Simon & Garfunkel,1968-06-01,1968,1960,3,244,4:04,33,0
This Guy's in Love with You,Herb Alpert,1968-06-22,1968,1960,4,235,3:55,12,0
Grazing in the Grass,Hugh Masekela,1968-07-20,1968,1960,2,175,2:55,2,1
"Hello, I Love You",The Doors,1968-08-03,1968,1960,2,133,2:13,10,1
People Got to Be Free,The Rascals,1968-08-17,1968,1960,5,182,3:02,0,0
Harper Valley PTA,Jeannie C. Riley,1968-09-21,1968,1960,1,195,3:15,9,0
Hey Jude,The Beatles,1968-09-28,1968,1960,9,426,7:06,0,0
Love Child,Diana Ross & The Supremes,1968-11-30,1968,1960,2,183,3:03,19,0
I Heard it Through the Grapevine,Marvin Gaye,1968-12-14,1968,1960,7,196,3:16,21,0
Crimson and Clover,Tommy James & the Shondells,1969-02-01,1969,1960,2,203,3:23,0,0
Everyday People,Sly & the Family Stone,1969-02-15,1969,1960,4,142,2:22,8,1
Dizzy,Tommy Roe,1969-03-15,1969,1960,4,172,2:52,14,1
Aquarius/Let the Sunshine In (The Flesh Failures),The 5th Dimension,1969-04-12,1969,1960,6,289,4:49,17,0
Get Back,The Beatles,1969-05-24,1969,1960,5,194,3:14,8,0
Love Theme from Romeo and Juliet,Henri Mancini & His Orchestra,1969-06-28,1969,1960,2,149,2:29,14,1
In the Year 2525 (Exordium & Terminus),Zager & Evans,1969-07-12,1969,1960,6,190,3:10,24,0
Honky Tonk Women,The Rolling Stones,1969-08-23,1969,1960,4,183,3:03,16,0
"Sugar, Sugar",The Archies,1969-09-20,1969,1960,4,168,2:48,8,1
I Can't Get Next to You,The Temptations,1969-10-18,1969,1960,2,175,2:55,23,1
Suspicious Minds,Elvis Presley,1969-11-01,1969,1960,1,261,4:21,5,0
Wedding Bell Blues,The 5th Dimension,1969-11-08,1969,1960,3,165,2:45,10,1
Come Together,The Beatles,1969-11-29,1969,1960,1,259,4:19,19,0
Na Na Hey Hey Kiss Him Goodbye,Steam,1969-12-06,1969,1960,2,225,3:45,18,0
Leaving on a Jet Plane,"Peter, Paul & Mary",1969-12-20,1969,1960,1,207,3:27,10,0
Someday We'll Be Together,Diana Ross & The Supremes,1969-12-27,1969,1960,1,194,3:14,26,0
Raindrops Keep Falling on My Head,B.J. Thomas,1970-01-03,1970,1970,4,177,2:57,5,1
I Want You Back,The Jackson 5,1970-01-31,1970,1970,1,180,3:00,30,0
Venus,Shocking Blue,1970-02-07,1970,1970,1,187,3:07,18,0
Thank You (Falettinme Be Mice Elf Agin),Sly & the Family Stone,1970-02-14,1970,1970,2,288,4:48,18,0
Bridge Over Troubled Water,Simon & Garfunkel,1970-02-28,1970,1970,6,293,4:53,23,0
Let it Be,The Beatles,1970-04-11,1970,1970,2,230,3:50,13,0
ABC,The Jackson 5,1970-04-25,1970,1970,2,175,2:55,1,1
American Woman,The Guess Who,1970-05-09,1970,1970,3,231,3:51,22,0
Everything is Beautiful,Ray Stevens,1970-05-30,1970,1970,2,209,3:29,20,0
The Long and Winding Road,The Beatles,1970-06-13,1970,1970,2,220,3:40,0,0
The Love You Save,The Jackson 5,1970-06-27,1970,1970,2,180,3:00,18,0
Mama Told Me (Not to Come),Three Dog Night,1970-07-11,1970,1970,2,199,3:19,10,0
(They Long to Be) Close to You,The Carpenters,1970-07-25,1970,1970,4,220,3:40,9,0
Make it With You,Bread,1970-08-22,1970,1970,1,192,3:12,13,0
War,Edwin Starr,1970-08-29,1970,1970,3,200,3:20,4,0
Ain't No Mountain High Enough,Diana Ross,1970-09-19,1970,1970,3,205,3:25,36,0
Cracklin' Rosie,Neil Diamond,1970-10-10,1970,1970,1,180,3:00,8,0
I'll Be There,The Jackson 5,1970-10-17,1970,1970,5,238,3:58,12,0
I Think I Love You,The Partridge Family,1970-11-21,1970,1970,3,173,2:53,9,1
The Tears of a Clown,Smokey Robinson & the Miracles,1970-12-12,1970,1970,2,182,3:02,13,0
My Sweet Lord,George Harrison,1970-12-26,1970,1970,4,281,4:41,31,0
Knock Three Times,Tony Orlando & Dawn,1971-01-23,1971,1970,3,180,3:00,8,0
One Bad Apple,The Osmonds,1971-02-13,1971,1970,5,165,2:45,10,1
Me and Bobby McGee,Janis Joplin,1971-03-20,1971,1970,2,271,4:31,5,0
Just My Imagination (Running Away with Me),The Temptations,1971-04-03,1971,1970,2,228,3:48,24,0
Joy to the World,Three Dog Night,1971-04-17,1971,1970,6,197,3:17,5,0
Brown Sugar,The Rolling Stones,1971-05-29,1971,1970,2,230,3:50,30,0
Want Ads,Honey Cone,1971-06-12,1971,1970,1,166,2:46,2,1
It's Too Late,Carole King,1971-06-19,1971,1970,5,231,3:51,9,0
Indian Reservation (The Lament of the Cherokee Reservation Indian),The Raiders,1971-07-24,1971,1970,1,172,2:52,8,1
You've Got a Friend,James Taylor,1971-07-31,1971,1970,1,268,4:28,8,0
How Can You Mend a Broken Heart,Bee Gees,1971-08-07,1971,1970,4,239,3:59,14,0
Uncle Albert/Admiral Halsey,Paul McCartney & Linda McCartney,1971-09-04,1971,1970,1,295,4:55,0,0
Go Away Little Girl,Donny Osmond,1971-09-11,1971,1970,3,149,2:29,8,1
Maggie May,Rod Stewart,1971-10-02,1971,1970,5,222,3:42,7,0
"Gypsys, Tramps and Thieves",Cher,1971-11-06,1971,1970,2,158,2:38,8,1
Theme from Shaft,Isaac Hayes,1971-11-20,1971,1970,2,197,3:17,109,0
Family Affair,Sly & the Family Stone,1971-12-04,1971,1970,3,185,3:05,4,0
Brand New Key,Melanie,1971-12-25,1971,1970,3,144,2:24,6,1
American Pie,Don McLean,1972-01-15,1972,1970,4,515,8:35,0,0
Let's Stay Together,Al Green,1972-02-12,1972,1970,1,199,3:19,9,0
Without You,Harry Nilsson,1972-02-19,1972,1970,4,201,3:21,6,0
Heart of Gold,Neil Young,1972-03-18,1972,1970,1,187,3:07,34,0
A Horse with No Name,America,1972-03-25,1972,1970,3,272,4:32,9,0
The First Time Ever I Saw Your Face,Roberta Flack,1972-04-15,1972,1970,6,255,4:15,20,0
Oh Girl,The Chi-Lites,1972-05-27,1972,1970,1,216,3:36,13,0
I'll Take You There,The Staple Singers,1972-06-03,1972,1970,1,196,3:16,11,0
The Candy Man,Sammy Davis Jr.,1972-06-10,1972,1970,3,192,3:12,24,0
Song Sung Blue,Neil Diamond,1972-07-01,1972,1970,1,194,3:14,18,0
Lean on Me,Bill Withers,1972-07-08,1972,1970,3,258,4:18,27,0
Alone Again (Naturally),Gilbert O'Sullivan,1972-07-29,1972,1970,6,217,3:37,11,0
Brandy (You're a Fine Girl),Looking Glass,1972-08-26,1972,1970,1,186,3:06,15,0
Black and White,Three Dog Night,1972-09-16,1972,1970,1,206,3:26,12,0
"Baby, Don't Get Hooked on Me",Mac Davis,1972-09-23,1972,1970,3,183,3:03,13,0
Ben,Michael Jackson,1972-10-14,1972,1970,1,167,2:47,13,1
My Ding-a-Ling,Chuck Berry,1972-10-21,1972,1970,2,256,4:16,8,0
I Can See Clearly Now,Johnny Nash,1972-11-04,1972,1970,4,164,2:44,6,1
Papa Was a Rollin' Stone,The Temptations,1972-12-02,1972,1970,1,419,6:59,115,0
I Am Woman,Helen Reddy,1972-12-09,1972,1970,1,205,3:25,10,0
Me and Mrs. Jones,Billy Paul,1972-12-16,1972,1970,3,284,4:44,26,0
You're So Vain,Carly Simon,1973-01-06,1973,1970,3,258,4:18,17,0
Superstition,Stevie Wonder,1973-01-27,1973,1970,1,245,4:05,28,0
Crocodile Rock,Elton John,1973-02-03,1973,1970,3,235,3:55,14,0
Killing Me Softly with His Song,Roberta Flack,1973-02-24,1973,1970,5,286,4:46,0,0
Love Train,The O'Jays,1973-03-24,1973,1970,1,178,2:58,8,1
The Night the Lights Went Out in Georgia,Vicki Lawrence,1973-04-07,1973,1970,2,220,3:40,12,0
Tie a Yellow Ribbon 'Round the Ole Oak Tree,Tony Orlando & Dawn,1973-04-21,1973,1970,4,206,3:26,11,0
You are the Sunshine of My Life,Stevie Wonder,1973-05-19,1973,1970,1,172,2:52,15,1
Frankenstein,The Edgar Winter Group,1973-05-26,1973,1970,1,206,3:26,0,0
My Love,Paul McCartney & Wings,1973-06-02,1973,1970,4,247,4:07,7,0
Give Me Love (Give Me Peace on Earth),George Harrison,1973-06-30,1973,1970,1,215,3:35,19,0
Will it Go Round in Circles,Billy Preston,1973-07-07,1973,1970,2,224,3:44,4,0
"Bad, Bad Leroy Brown",Jim Croce,1973-07-21,1973,1970,2,181,3:01,12,0
The Morning After,Maureen McGovern,1973-08-04,1973,1970,2,141,2:21,6,1
Touch Me in the Morning,Diana Ross,1973-08-18,1973,1970,1,207,3:27,1,0
Brother Louie,Stories,1973-08-25,1973,1970,2,235,3:55,18,0
Let's Get it On,Marvin Gaye,1973-09-08,1973,1970,2,240,4:00,3,0
Delta Dawn,Helen Reddy,1973-09-15,1973,1970,1,190,3:10,24,0
We're an American Band,Grand Funk,1973-09-29,1973,1970,1,307,5:07,30,0
Half-Breed,Cher,1973-10-06,1973,1970,2,167,2:47,14,1
Angie,The Rolling Stones,1973-10-20,1973,1970,1,272,4:32,18,0
Midnight Train to Georgia,Gladys Knight & the Pips,1973-10-27,1973,1970,2,237,3:57,14,0
Keep on Truckin',Eddie Kendricks,1973-11-10,1973,1970,2,212,3:32,4,0
Photograph,Ringo Starr,1973-11-24,1973,1970,1,239,3:59,14,0
Top of the World,The Carpenters,1973-12-01,1973,1970,2,179,2:59,16,1
The Most Beautiful Girl,Charlie Rich,1973-12-15,1973,1970,2,162,2:42,9,1
Time in a Bottle,Jim Croce,1973-12-29,1973,1970,2,147,2:27,10,1
The Joker,Steve Miller Band,1974-01-12,1974,1970,1,217,3:37,2,0
Show and Tell,Al Wilson,1974-01-19,1974,1970,1,207,3:27,23,0
You're Sixteen,Ringo Starr,1974-01-26,1974,1970,1,169,2:49,7,1
The Way We Were,Barbra Streisand,1974-02-02,1974,1970,3,211,3:31,34,0
Love's Theme,Love Unlimited Orchestra,1974-02-09,1974,1970,1,219,3:39,25,0
Seasons in the Sun,Terry Jacks,1974-03-02,1974,1970,3,186,3:06,6,0
Dark Lady,Cher,1974-03-23,1974,1970,1,209,3:29,19,0
Sunshine on My Shoulders,John Denver,1974-03-30,1974,1970,1,208,3:28,7,0
Hooked on a Feeling,Blue Swede,1974-04-06,1974,1970,1,173,2:53,9,1
Bennie and the Jets,Elton John,1974-04-13,1974,1970,1,323,5:23,27,0
TSOP (The Sound of Philadelphia),MFSB,1974-04-20,1974,1970,2,212,3:32,35,0
The Loco-motion,Grand Funk,1974-05-04,1974,1970,2,167,2:47,3,1
The Streak,Ray Stevens,1974-05-18,1974,1970,3,198,3:18,26,0
Band on the Run,Paul McCartney & Wings,1974-06-08,1974,1970,1,309,5:09,37,0
Billy Don't Be a Hero,Bo Donaldson & the Heywoods,1974-06-15,1974,1970,2,207,3:27,17,0
Sundown,Gordon Lightfoot,1974-06-29,1974,1970,1,213,3:33,18,0
Rock the Boat,Hues Corporation,1974-07-06,1974,1970,1,203,3:23,8,0
Rock Your Baby,George McCrae,1974-07-13,1974,1970,2,199,3:19,40,0
Annie's Song,John Denver,1974-07-27,1974,1970,2,181,3:01,9,0
Feel Like Makin' Love,Roberta Flack,1974-08-10,1974,1970,1,175,2:55,1,1
The Night Chicago Died,Paper Lace,1974-08-17,1974,1970,1,203,3:23,28,0
(You're) Having My Baby,Paul Anka & Odia Coates,1974-08-24,1974,1970,3,156,2:36,12,1
I Shot the Sheriff,Eric Clapton,1974-09-14,1974,1970,1,210,3:30,0,0
"Can't Get Enough of Your Love, Babe",Barry White,1974-09-21,1974,1970,1,229,3:49,37,0
Rock Me Gently,Andy Kim,1974-09-28,1974,1970,1,208,3:28,17,0
I Honestly Love You,Olivia Newton-John,1974-10-05,1974,1970,2,221,3:41,22,0
Nothing from Nothing,Billy Preston,1974-10-19,1974,1970,1,158,2:38,15,1
Then Came You,Dionne Warwick & The Spinners,1974-10-26,1974,1970,1,239,3:59,18,0
You Haven't Done Nothin',Stevie Wonder,1974-11-02,1974,1970,1,203,3:23,28,0
You Ain't Seen Nothing Yet,Bachman-Turner Overdrive,1974-11-09,1974,1970,1,218,3:38,17,0
Whatever Gets You Thru the Night,John Lennon,1974-11-16,1974,1970,1,206,3:26,14,0
I Can Help,Billy Swam,1974-11-23,1974,1970,2,178,2:58,19,1
Kung Fu Fighting,Carl Douglas,1974-12-07,1974,1970,2,195,3:15,26,0
Cat's in the Cradle,Harry Chapin,1974-12-21,1974,1970,1,212,3:32,13,0
Angie Baby,Helen Reddy,1974-12-28,1974,1970,1,211,3:31,7,0
Lucy in the Sky with Diamonds,Elton John,1975-01-04,1975,1970,2,354,5:54,26,0
Mandy,Barry Manilow,1975-01-18,1975,1970,1,195,3:15,18,0
Please Mr. Postman,The Carpenters,1975-01-25,1975,1970,1,172,2:52,10,1
Laughter in the Rain,Neil Sedaka,1975-02-01,1975,1970,1,170,2:50,11,1
Fire,Ohio Players,1975-02-08,1975,1970,1,192,3:12,24,0
You're No Good,Linda Ronstadt,1975-02-15,1975,1970,1,224,3:44,10,0
Pick Up the Pieces,Average White Band,1975-02-22,1975,1970,1,185,3:05,10,0
Best of My Love,Eagles,1975-03-01,1975,1970,1,330,5:30,22,0
Have You Never Been Mellow,Olivia Newton-John,1975-03-08,1975,1970,1,210,3:30,18,0
Black Water,The Doobie Brothers,1975-03-15,1975,1970,1,255,4:15,18,0
My Eyes Adored You,Frankie Valli,1975-03-22,1975,1970,1,212,3:32,14,0
Lady Marmalade,LaBelle,1975-03-29,1975,1970,1,236,3:56,8,0
Lovin' You,Minnie Riperton,1975-03-29,1975,1970,1,204,3:24,17,0
Philadelphia Freedom,Elton John,1975-04-12,1975,1970,2,325,5:25,15,0
(Hey Won't You Play) Another Somebody Done Somebody Wrong Song,B.J. Thomas,1975-04-26,1975,1970,1,206,3:26,21,0
He Don't Love You (Like I Love You),Tony Orlando & Dawn,1975-05-03,1975,1970,3,219,3:39,14,0
Shining Star,"Earth, Wind & Fire",1975-05-24,1975,1970,1,170,2:50,19,1
Before the Next Teardrop Falls,Freddy Fender,1975-05-31,1975,1970,1,153,2:33,10,1
Thank God I'm a Country Boy,John Denver,1975-06-07,1975,1970,1,167,2:47,4,1
Sister Golden Hair,America,1975-06-14,1975,1970,1,200,3:20,18,0
Love Will Keep Us Together,Captain & Tennille,1975-06-21,1975,1970,4,205,3:25,8,0
Listen to What the Man Said,Paul McCartney & Wings,1975-07-19,1975,1970,1,235,3:55,19,0
The Hustle,Van McCoy & the Soul City Symphony,1975-07-26,1975,1970,1,254,4:14,39,0
One of these Nights,Eagles,1975-08-02,1975,1970,1,214,3:34,17,0
Jive Talkin',Bee Gees,1975-08-09,1975,1970,2,213,3:33,24,0
Fallin' in Love,"Hamilton, Joe Frank & Reynolds",1975-08-23,1975,1970,1,194,3:14,12,0
Get Down Tonight,KC & the Sunshine Band,1975-08-30,1975,1970,1,192,3:12,17,0
Rhinestone Cowboy,Glen Campbell,1975-09-06,1975,1970,2,194,3:14,8,0
Fame,David Bowie,1975-09-20,1975,1970,2,214,3:34,44,0
I'm Sorry,John Denver,1975-09-27,1975,1970,1,212,3:32,7,0
Bad Blood,Neil Sedaka,1975-10-11,1975,1970,3,189,3:09,13,0
Island Girl,Elton John,1975-11-01,1975,1970,3,225,3:45,7,0
That's the Way (I Like It),KC & the Sunshine Band,1975-11-22,1975,1970,2,185,3:05,17,0
"Fly, Robin, Fly",Silver Connection,1975-11-09,1975,1970,3,335,5:35,19,0
Let's Do It Again,The Staple Singers,1975-12-27,1975,1970,1,294,4:54,27,0
Saturday Night,Bay City Rollers,1976-01-02,1976,1970,1,174,2:54,15,1
Convoy,C.W. McCall,1976-01-10,1976,1970,1,231,3:51,30,0
I Write the Songs,Barry Manilow,1976-01-17,1976,1970,1,235,3:55,18,0
Theme from Mahogany (Do You Know Where You're Going To),Diana Ross,1976-01-24,1976,1970,1,204,3:24,15,0
Love Rollercoaster,Ohio Players,1976-01-31,1976,1970,1,172,2:52,26,1
50 Ways to Leave Your Lover,Paul Simon,1976-02-07,1976,1970,3,217,3:37,33,0
Theme from S.W.A.T.,Rhythm Heritage,1976-02-28,1976,1970,1,201,3:21,20,0
Love Machine (Part 1),The Miracles,1976-03-06,1976,1970,1,181,3:01,9,0
"December, 1963 (Oh What a Night!)",Frankie Valli & the Four Seasons,1976-03-13,1976,1970,3,197,3:17,15,0
Disco Lady,Johnnie Taylor,1976-04-03,1976,1970,4,267,4:27,29,0
Let Your Love Flow,The Bellamy Brothers,1976-05-01,1976,1970,1,199,3:19,9,0
Welcome Back,John Sebastian,1976-05-08,1976,1970,1,171,2:51,9,1
Boogie Fever,The Sylvers,1976-05-15,1976,1970,1,201,3:21,22,0
Silly Love Songs,Paul McCartney & Wings,1976-05-22,1976,1970,5,352,5:52,22,0
Love Hangover,Diana Ross,1976-05-29,1976,1970,2,229,3:49,22,0
Afternoon Delight,Starland Vocal Band,1976-07-10,1976,1970,2,191,3:11,13,0
Kiss and Say Goodbye,The Manhattans,1976-07-24,1976,1970,2,209,3:29,64,0
Don't Go Breaking My Heart,Elton John & Kiki Dee,1976-08-07,1976,1970,4,271,4:31,14,0
You Should Be Dancing,Bee Gees,1976-09-04,1976,1970,1,256,4:16,15,0
"(Shake, Shake, Shake) Shake Your Booty",KC & the Sunshine Band,1976-09-11,1976,1970,1,187,3:07,17,0
Play That Funky Music,Wild Cherry,1976-09-18,1976,1970,3,191,3:11,17,0
A Fifth of Beethoven,Walter Murphy & the Big Apple Band,1976-10-09,1976,1970,1,182,3:02,12,0
Disco Duck,Rick Dees & His Cast of Idiots,1976-10-16,1976,1970,1,199,3:19,18,0
If You Leave Me Now,Chicago,1976-10-23,1976,1970,2,235,3:55,8,0
Rock 'n Me,Steve Miller Band,1976-11-06,1976,1970,1,187,3:07,27,0
Tonight's the Night (Gonna Be Alright),Rod Stewart,1976-11-13,1976,1970,8,213,3:33,17,0
You Don't Have to Be a Star (To Be in My Show),"Marilyn McCoo & Billy Davis, Jr.",1977-01-08,1977,1970,1,209,3:29,39,0
You Make Me Feel Like Dancing,Leo Sayer,1977-01-15,1977,1970,1,173,2:53,16,1
I Wish,Stevie Wonder,1977-01-22,1977,1970,1,271,4:31,19,0
Car Wash,Rose Royce,1977-01-29,1977,1970,1,200,3:20,64,0
Torn Between Two Lovers,Mary MacGregor,1977-02-05,1977,1970,2,229,3:49,9,0
Blinded by the Light,Manfred Mann's Earth Band,1977-02-19,1977,1970,1,229,3:49,12,0
New Kid in Town,Eagles,1977-02-26,1977,1970,1,305,5:05,20,0
Evergreen (Love Theme From A Star is Born),Barbra Streisand,1977-03-05,1977,1970,3,185,3:05,18,0
Rich Girl,Daryl Hall & John Oates,1977-03-26,1977,1970,2,142,2:22,0,1
Dancing Queen,ABBA,1977-04-09,1977,1970,1,230,3:50,20,0
Don't Give Up on Us,David Soul,1977-04-16,1977,1970,1,219,3:39,14,0
Don't Leave Me This Way,Thelma Houston,1977-04-23,1977,1970,1,218,3:38,38,0
Southern Nights,Glen Campbell,1977-04-30,1977,1970,1,180,3:00,11,0
Hotel California,Eagles,1977-05-07,1977,1970,1,391,6:31,52,0
When I Need You,Leo Sayer,1977-05-14,1977,1970,1,253,4:13,25,0
Sir Duke,Stevie Wonder,1977-05-21,1977,1970,3,232,3:52,19,0
I'm Your Boogie Man,KC & the Sunshine Band,1977-06-11,1977,1970,1,244,4:04,17,0
Dreams,Fleetwood Mac,1977-06-18,1977,1970,1,245,4:05,17,0
Got to Give it Up,Marvin Gaye,1977-06-25,1977,1970,1,255,4:15,20,0
Gonna Fly Now (Theme from Rocky),Bill Conti,1977-07-02,1977,1970,1,170,2:50,10,1
Undercover Angel,Alan O'Day,1977-07-09,1977,1970,1,200,3:20,15,0
Da Doo Ron Ron,Shaun Cassidy,1977-07-16,1977,1970,1,170,2:50,13,1
Looks Like We Made It,Barry Manilow,1977-07-23,1977,1970,1,213,3:33,15,0
I Just Want to Be Your Everything,Andy Gibb,1977-07-30,1977,1970,4,212,3:32,14,0
Best of My Love,The Emotions,1977-08-20,1977,1970,5,219,3:39,13,0
Star Wars Theme/Cantina Band,Meco,1977-10-01,1977,1970,1,212,3:32,16,0
You Light Up My Life,Debby Boone,1977-10-15,1977,1970,10,216,3:36,5,0
How Deep is Your Love,Bee Gees,1977-12-24,1977,1970,3,245,4:05,18,0
Baby Come Back,Player,1978-01-14,1978,1970,3,214,3:34,25,0
Stayin' Alive,Bee Gees,1978-02-04,1978,1970,4,283,4:43,13,0
(Love Is) Thicker Than Water,Andy Gibb,1978-03-04,1978,1970,2,198,3:18,1,0
Night Fever,Bee Gees,1978-03-18,1978,1970,8,212,3:32,19,0
If I Can't Have You,Yvonne Elliman,1978-05-13,1978,1970,1,180,3:00,16,0
With a Little Luck,Paul McCartney & Wings,1978-05-20,1978,1970,2,194,3:14,14,0
"Too Much, Too Little, Too Late",Johnny Mathis & Deniece Williams,1978-06-03,1978,1970,1,180,3:00,13,0
You're the One That I Want,John Travolta & Olivia Newton-John,1978-06-10,1978,1970,1,169,2:49,8,1
Shadow Dancing,Andy Gibb,1978-06-17,1978,1970,7,276,4:36,23,0
Miss You,The Rolling Stones,1978-08-05,1978,1970,1,225,3:45,27,0
Three Times a Lady,Commodores,1978-08-12,1978,1970,2,217,3:37,6,0
Grease,Frankie Valli,1978-08-26,1978,1970,2,206,3:26,15,0
Boogie Oogie Oogie,A Taste of Honey,1978-09-09,1978,1970,3,338,5:38,65,0
Kiss You All Over,Exile,1978-09-30,1978,1970,4,296,4:56,37,0
Hot Child in the City,Nick Gilder,1978-10-28,1978,1970,1,215,3:35,9,0
You Needed Me,Anne Murray,1978-11-04,1978,1970,1,220,3:40,14,0
MacArthur Park,Donna Summer,1978-11-11,1978,1970,3,235,3:55,5,0
You Don't Bring Me Flowers,Barbra Streisand & Neil Diamond,1978-12-02,1978,1970,2,195,3:15,10,0
Le Freak,Chic,1978-12-09,1978,1970,6,216,3:36,3,0
Too Much Heaven,Bee Gees,1979-01-06,1979,1970,3,296,4:56,18,0
Do Ya Think I'm Sexy?,Rod Stewart,1979-02-10,1979,1970,4,326,5:26,35,0
I Will Survive,Gloria Gaynor,1979-03-10,1979,1970,3,198,3:18,22,0
Tragedy,Bee Gees,1979-03-24,1979,1970,2,303,5:03,28,0
What a Fool Believes,The Doobie Brothers,1979-04-14,1979,1970,1,224,3:44,16,0
Knock On Wood,Amii Stewart,1979-04-21,1979,1970,1,227,3:47,35,0
Heart of Glass,Blondie,1979-04-28,1979,1970,1,229,3:49,16,0
Reunited,Peaches & Herb,1979-05-05,1979,1970,4,345,5:45,13,0
Hot Stuff,Donna Summer,1979-06-02,1979,1970,3,226,3:46,31,0
Love You Inside Out,Bee Gees,1979-06-09,1979,1970,1,228,3:48,21,0
Ring My Bell,Anita Ward,1979-06-30,1979,1970,2,212,3:32,14,0
Bad Girls,Donna Summer,1979-07-14,1979,1970,5,295,4:55,40,0
Good Times,Chic,1979-08-18,1979,1970,1,224,3:44,18,0
My Sharona,The Knack,1979-08-25,1979,1970,6,239,3:59,19,0
Sad Eyes,Robert John,1979-10-06,1979,1970,1,213,3:33,14,0
Don't Stop 'Til You Get Enough,Michael Jackson,1979-10-13,1979,1970,1,365,6:05,33,0
Rise,Herb Alpert,1979-10-20,1979,1970,2,230,3:50,34,0
Pop Muzik,M,1979-11-03,1979,1970,1,201,3:21,26,0
Heartache Tonight,Eagles,1979-11-10,1979,1970,1,265,4:25,11,0
Still,Commodores,1979-11-17,1979,1970,1,224,3:44,15,0
No More Tears (Enough is Enough),Barbra Streisand & Donna Summer,1979-11-24,1979,1970,2,288,4:48,21,0
Babe,Styx,1979-12-08,1979,1970,2,242,4:02,15,0
Escape (The Piña Colada Song),Rupert Holmes,1979-12-22,1979,1970,3,231,3:51,14,0
Please Don't Go,KC & the Sunshine Band,1980-01-05,1980,1980,1,230,3:50,21,0
Rock With You,Michael Jackson,1980-01-19,1980,1980,4,203,3:23,19,0
Do That to Me One More Time,Captain & Tennille,1980-02-16,1980,1980,1,251,4:11,21,0
Crazy Little Thing Called Love,Queen,1980-02-23,1980,1980,4,263,4:23,6,0
"Another Brick in the Wall, Pt. 2",Pink Floyd,1980-03-22,1980,1980,4,198,3:18,9,0
Call Me,Blondie,1980-04-19,1980,1980,6,212,3:32,16,0
Funkytown,Lipps Inc.,1980-05-31,1980,1980,4,239,3:59,12,0
Coming Up,Paul McCartney,1980-06-28,1980,1980,3,248,4:08,15,0
It's Still Rock and Roll to Me,Billy Joel,1980-07-19,1980,1980,2,176,2:56,7,1
Magic,Olivia Newton-John,1980-08-02,1980,1980,4,269,4:29,10,0
Sailing,Christopher Cross,1980-08-30,1980,1980,1,256,4:16,36,0
Upside Down,Diana Ross,1980-09-06,1980,1980,4,245,4:05,10,0
Another One Bites the Dust,Queen,1980-10-04,1980,1980,3,215,3:35,22,0
Woman in Love,Barbra Streisand,1980-10-25,1980,1980,3,231,3:51,23,0
Lady,Kenny Rogers,1980-11-15,1980,1980,6,231,3:51,7,0
(Just Like) Starting Over,John Lennon,1980-12-27,1980,1980,5,234,3:54,42,0
The Tide is High,Blondie,1981-01-31,1981,1980,1,233,3:53,30,0
Celebration,Kool & the Gang,1981-02-07,1981,1980,2,221,3:41,33,0
9 to 5,Dolly Parton,1981-02-21,1981,1980,2,162,2:42,10,1
I Love a Rainy Night,Eddie Rabbit,1981-02-28,1981,1980,2,191,3:11,8,0
Keep on Loving You,REO Speedwagon,1981-03-21,1981,1980,1,200,3:20,20,0
Rapture,Blondie,1981-03-28,1981,1980,2,391,6:31,32,0
Kiss On My List,Daryl Hall & John Oates,1981-04-11,1981,1980,3,232,3:52,19,0
Morning Train (Nine to Five),Sheena Easton,1981-05-02,1981,1980,2,300,5:00,18,0
Bette Davis Eyes,Kim Carnes,1981-05-16,1981,1980,9,328,5:28,15,0
Stars on 45,Stars on 45,1981-06-20,1981,1980,1,288,4:48,16,0
The One That You Love,Air Supply,1981-07-25,1981,1980,1,259,4:19,8,0
Jessie's Girl,Rick Springfield,1981-08-01,1981,1980,2,194,3:14,7,0
Endless Love,Diana Ross & Lionel Richie,1981-08-15,1981,1980,9,266,4:26,6,0
Arthur's Theme (The Best That You Can Do),Christopher Cross,1981-10-17,1981,1980,3,236,3:56,15,0
Private Eyes,Daryl Hall & John Oates,1981-11-07,1981,1980,2,217,3:37,17,0
Physical,Olivia Newton-John,1981-11-21,1981,1980,10,225,3:45,15,0
I Can't Go For That (No Can Do),Daryl Hall & John Oates,1982-01-30,1982,1980,1,225,3:45,26,0
Centerfold,The J. Geils Band,1982-02-06,1982,1980,6,216,3:36,17,0
I Love Rock 'n' Roll,Joan Jett & the Blackhearts,1982-03-20,1982,1980,7,175,2:55,15,1
Chariots of Fire,Vangelis,1982-05-08,1982,1980,1,202,3:22,23,0
Ebony & Ivory,Paul McCartney & Stevie Wonder,1982-05-15,1982,1980,7,220,3:40,6,0
Don't You Want Me,The Human League,1982-07-03,1982,1980,3,236,3:56,20,0
Eye of the Tiger,Survivor,1982-07-24,1982,1980,6,227,3:47,49,0
Abracadabra,Steve Miller Band,1982-09-04,1982,1980,2,219,3:39,17,0
Hard to Say I'm Sorry,Chicago,1982-09-11,1982,1980,2,221,3:41,21,0
Jack and Diane,John Cougar,1982-10-02,1982,1980,4,254,4:14,28,0
Who Can It Be Now?,Men at Work,1982-10-30,1982,1980,1,201,3:21,17,0
Up Where We Belong,Joe Cocker & Jennifer Warnes,1982-11-06,1982,1980,3,233,3:53,15,0
Truly,Lionel Richie,1982-11-27,1982,1980,2,200,3:20,11,0
Mickey,Toni Basil,1982-12-11,1982,1980,1,216,3:36,6,0
Maneater,Daryl Hall & John Oates,1982-12-18,1982,1980,4,273,4:33,45,0
Down Under,Men at Work,1983-01-15,1983,1980,4,220,3:40,11,0
Africa,Toto,1983-02-05,1983,1980,1,261,4:21,31,0
"Baby, Come to Me",Patti Austin & James Ingram,1983-02-19,1983,1980,2,215,3:35,10,0
Billie Jean,Michael Jackson,1983-03-05,1983,1980,7,294,4:54,29,0
Come on Eileen,Dexys Midnight Runners,1983-04-23,1983,1980,1,243,4:03,38,0
Beat It,Michael Jackson,1983-04-30,1983,1980,3,258,4:18,38,0
Let's Dance,David Bowie,1983-05-21,1983,1980,1,248,4:08,26,0
Flashdance … What a Feeling,Irene Cara,1983-05-28,1983,1980,6,233,3:53,54,0
Every Breath You Take,The Police,1983-07-09,1983,1980,8,234,3:54,15,0
Sweet Dreams (Are Made of This),Eurythmics,1983-09-03,1983,1980,1,216,3:36,10,0
Maniac,Michael Sembello,1983-09-10,1983,1980,2,244,4:04,24,0
Tell Her About It,Billy Joel,1983-09-24,1983,1980,1,229,3:49,10,0
Total Eclipse of the Heart,Bonnie Tyler,1983-10-01,1983,1980,4,267,4:27,7,0
Islands in the Stream,Kenny Rogers & Dolly Parton,1983-10-29,1983,1980,2,251,4:11,9,0
All Night Long (All Night),Lionel Richie,1983-11-12,1983,1980,4,260,4:20,19,0
Say Say Say,Paul McCartney & Michael Jackson,1983-12-10,1983,1980,6,234,3:54,16,0
Owner of a Lonely Heart,Yes,1984-01-21,1984,1980,2,230,3:50,25,0
Karma Chameleon,Culture Club,1984-02-04,1984,1980,3,238,3:58,13,0
Jump,Van Halen,1984-02-25,1984,1980,5,240,4:00,28,0
Footloose,Kenny Loggins,1984-03-31,1984,1980,3,226,3:46,31,0
Against All Odds (Take a Look at Me Now),Phil Collins,1984-04-21,1984,1980,3,206,3:26,8,0
Hello,Lionel Richie,1984-05-12,1984,1980,2,254,4:14,16,0
Let's Hear it For the Boy,Deniece Williams,1984-05-26,1984,1980,2,262,4:22,23,0
Time After Time,Cyndi Lauper,1984-06-09,1984,1980,2,241,4:01,14,0
The Reflex,Duran Duran,1984-06-23,1984,1980,2,266,4:26,16,0
When Doves Cry,Prince,1984-07-07,1984,1980,5,228,3:48,33,0
Ghostbusters,"Ray Parker, Jr.",1984-08-11,1984,1980,3,241,4:01,31,0
What's Love Got to Do With It,Tina Turner,1984-09-01,1984,1980,3,226,3:46,19,0
Missing You,John Waite,1984-09-22,1984,1980,1,270,4:30,19,0
Let's Go Crazy,Prince,1984-09-29,1984,1980,2,227,3:47,29,0
I Just Called to Say I Love You,Stevie Wonder,1984-10-13,1984,1980,3,260,4:20,7,0
Caribbean Queen (No More Love on the Run),Billy Ocean,1984-11-03,1984,1980,2,221,3:41,13,0
Wake Me Up Before You Go-Go,Wham!,1984-11-17,1984,1980,3,231,3:51,12,0
Out of Touch,Daryl Hall & John Oates,1984-12-08,1984,1980,2,247,4:07,40,0
Like a Virgin,Madonna,1984-12-22,1984,1980,6,218,3:38,8,0
I Want to Know What Love Is,Foreigner,1985-02-02,1985,1980,2,304,5:04,14,0
Careless Whisper,Wham!,1985-02-16,1985,1980,3,300,5:00,27,0
Can't Fight This Feeling,REO Speedwagon,1985-03-09,1985,1980,3,295,4:55,19,0
One More Night,Phil Collins,1985-03-30,1985,1980,2,262,4:22,15,0
We Are the World,USA for Africa,1985-04-13,1985,1980,4,382,6:22,26,0
Crazy for You,Madonna,1985-05-11,1985,1980,1,224,3:44,23,0
Don't You (Forget About Me),Simple Minds,1985-05-18,1985,1980,1,263,4:23,19,0
Everything She Wants,Wham!,1985-05-25,1985,1980,2,302,5:02,34,0
Everybody Wants to Rule the World,Tears for Fears,1985-06-08,1985,1980,2,251,4:11,28,0
Heaven,Bryan Adams,1985-06-22,1985,1980,2,243,4:03,16,0
Sussudio,Phil Collins,1985-07-06,1985,1980,1,263,4:23,19,0
A View to a Kill,Duran Duran,1985-07-13,1985,1980,2,207,3:27,21,0
Everytime You Go Away,Paul Young,1985-07-27,1985,1980,1,260,4:20,27,0
Shout,Tears for Fears,1985-08-03,1985,1980,3,246,4:06,4,0
The Power of Love,Huey Lewis & the News,1985-08-24,1985,1980,2,234,3:54,21,0
St. Elmo's Fire (Man in Motion),John Parr,1985-09-07,1985,1980,2,251,4:11,17,0
Money for Nothing,Dire Straits,1985-09-21,1985,1980,3,249,4:09,64,0
Oh Sheila,Ready for the World,1985-10-12,1985,1980,1,216,3:36,24,0
Take on Me,a-ha,1985-10-19,1985,1980,1,225,3:45,33,0
Saving All My Love for You,Whitney Houston,1985-10-26,1985,1980,1,218,3:38,15,0
Part-Time Lover,Stevie Wonder,1985-11-02,1985,1980,1,222,3:42,23,0
Miami Vice Theme,Jan Hammer,1985-11-09,1985,1980,1,147,2:27,34,1
We Built This City,Starship,1985-11-16,1985,1980,2,277,4:37,13,0
Separate Lives,Phil Collins & Marilyn Martin,1985-11-30,1985,1980,1,269,4:29,0,0
Broken Wings,Mr. Mister,1985-12-07,1985,1980,2,275,4:35,20,0
"Say You, Say Me",Lionel Richie,1985-12-21,1985,1980,4,241,4:01,16,0
That's What Friends are For,Dionne & Friends,1986-01-18,1986,1980,4,256,4:16,15,0
How Will I Know,Whitney Houston,1986-02-15,1986,1980,2,275,4:35,40,0
Kyrie,Mr. Mister,1986-03-01,1986,1980,2,257,4:17,45,0
Sara,Starship,1986-03-15,1986,1980,1,292,4:52,19,0
These Dreams,Heart,1986-03-22,1986,1980,1,228,3:48,28,0
Rock Me Amadeus,Falco,1986-03-29,1986,1980,3,202,3:22,28,0
Kiss,Prince,1986-04-19,1986,1980,2,226,3:46,9,0
Addicted to Love,Robert Palmer,1986-05-03,1986,1980,1,235,3:55,25,0
West End Girls,Pet Shop Boys,1986-05-10,1986,1980,1,240,4:00,44,0
Greatest Love of All,Whitney Houston,1986-05-17,1986,1980,3,291,4:51,17,0
Live to Tell,Madonna,1986-06-07,1986,1980,1,353,5:53,53,0
On My Own,Patti LaBelle & Michael McDonald,1986-06-14,1986,1980,3,290,4:50,21,0
There'll Be Sad Songs (To Make You Cry),Billy Ocean,1986-07-05,1986,1980,1,292,4:52,24,0
Holding Back the Years,Simply Red,1986-07-12,1986,1980,1,266,4:26,23,0
Invisible Touch,Genesis,1986-07-19,1986,1980,1,209,3:29,17,0
Sledgehammer,Peter Gabriel,1986-07-26,1986,1980,1,291,4:51,21,0
Glory of Love,Peter Cetera,1986-08-02,1986,1980,2,288,4:48,13,0
Papa Don't Preach,Madonna,1986-08-16,1986,1980,2,269,4:29,32,0
Higher Love,Steve Winwood,1986-08-30,1986,1980,1,252,4:12,10,0
Venus,Bananarama,1986-09-06,1986,1980,1,229,3:49,19,0
Take My Breath Away,Berlin,1986-09-13,1986,1980,1,242,4:02,12,0
Stuck with You,Huey Lewis & the News,1986-09-20,1986,1980,3,269,4:29,18,0
When I Think of You,Janet Jackson,1986-10-11,1986,1980,2,235,3:55,50,0
True Colors,Cyndi Lauper,1986-10-25,1986,1980,2,226,3:46,15,0
Amanda,Boston,1986-11-08,1986,1980,2,256,4:16,8,0
Human,The Human League,1986-11-22,1986,1980,1,229,3:49,38,0
You Give Love a Bad Name,Bon Jovi,1986-11-29,1986,1980,1,222,3:42,31,0
The Next Time I Fall,Peter Cetera & Amy Grant,1986-12-06,1986,1980,1,225,3:45,29,0
The Way It Is,Bruce Hornsby & the Range,1986-12-13,1986,1980,1,298,4:58,50,0
Walk Like an Egyptian,The Bangles,1986-12-20,1986,1980,4,204,3:24,15,0
Shake You Down,Gregory Abbott,1987-01-17,1987,1980,1,245,4:05,20,0
At This Moment,Billy Vera & the Beaters,1987-01-24,1987,1980,2,261,4:21,13,0
Open Your Heart,Madonna,1987-02-07,1987,1980,1,253,4:13,19,0
Livin' on a Prayer,Bon Jovi,1987-02-24,1987,1980,4,249,4:09,46,0
Jacob's Ladder,Huey Lewis & the News,1987-03-14,1987,1980,1,213,3:33,13,0
Lean on Me,Club Nouveau,1987-03-21,1987,1980,2,250,4:10,63,0
Nothing's Gonna Stop Us Now,Starship,1987-04-04,1987,1980,2,270,4:30,22,0
I Knew You Were Waiting (For Me),Aretha Franklin & George Michael,1987-04-18,1987,1980,2,238,3:58,26,0
(I Just) Died in Your Arms,Cutting Crew,1987-05-02,1987,1980,2,280,4:40,15,0
With or Without You,U2,1987-05-16,1987,1980,3,354,5:54,28,0
You Keep Me Hangin' On,Kim Wilde,1987-06-06,1987,1980,1,255,4:15,20,0
Always,Atlantic Starr,1987-06-13,1987,1980,1,239,3:59,15,0
Head to Toe,Lisa Lisa & Cult Jam,1987-06-20,1987,1980,1,241,4:01,20,0
I Wanna Dance with Somebody (Who Loves Me),Whitney Houston,1987-07-27,1987,1980,2,291,4:51,33,0
Alone,Heart,1987-07-11,1987,1980,3,219,3:39,11,0
Shakedown,Bob Seger,1987-08-01,1987,1980,1,241,4:01,16,0
I Still Haven't Found What I'm Looking For,U2,1987-08-08,1987,1980,2,277,4:37,28,0
Who's That Girl,Madonna,1987-08-22,1987,1980,1,239,3:59,21,0
La Bamba,Los Lobos,1987-08-29,1987,1980,3,174,2:54,6,1
I Just Can't Stop Loving You,Michael Jackson & Siedah Garrett,1987-09-19,1987,1980,1,251,4:11,34,0
Didn't We Almost Have It All,Whitney Houston,1987-09-26,1987,1980,2,278,4:38,19,0
Here I Go Again,Whitesnake,1987-10-10,1987,1980,1,275,4:35,12,0
Lost in Emotion,Lisa Lisa & Cult Jam,1987-10-17,1987,1980,1,289,4:49,31,0
Bad,Michael Jackson,1987-10-24,1987,1980,2,247,4:07,18,0
I Think We're Alone Now,Tiffany,1987-11-07,1987,1980,2,228,3:48,19,0
Mony Mony,Billy Idol,1987-11-21,1987,1980,1,246,4:06,25,0
(I've Had) The Time of My Life,Bill Medley & Jennifer Warnes,1987-11-28,1987,1980,1,290,4:50,6,0
Heaven Is a Place on Earth,Belinda Carlisle,1987-12-05,1987,1980,1,247,4:07,0,0
Faith,George Michael,1987-12-12,1987,1980,4,194,3:14,40,0
So Emotional,Whitney Houston,1988-01-09,1988,1980,1,276,4:36,24,0
Got My Mind Set On You,George Harrison,1988-01-16,1988,1980,1,234,3:54,5,0
The Way You Make Me Feel,Michael Jackson,1988-01-23,1988,1980,1,266,4:26,27,0
Need You Tonight,INXS,1988-01-30,1988,1980,1,181,3:01,20,0
Could've Been,Tiffany,1988-02-06,1988,1980,2,213,3:33,7,0
Seasons Change,Exposé,1988-02-20,1988,1980,1,256,4:16,12,0
Father Figure,George Michael,1988-02-27,1988,1980,2,340,5:40,38,0
Never Gonna Give You Up,Rick Astley,1988-03-12,1988,1980,2,213,3:33,19,0
Man in the Mirror,Michael Jackson,1988-03-26,1988,1980,2,318,5:18,10,0
"Get Outta My Dreams, Get Into My Car",Billy Ocean,1988-04-09,1988,1980,2,284,4:44,42,0
Where Do Broken Hearts Go,Whitney Houston,1988-04-23,1988,1980,2,277,4:37,12,0
Wishing Well,Terence Trent D'Arby,1988-05-07,1988,1980,1,210,3:30,8,0
Anything for You,Gloria Estefan & Miami Sound Machine,1988-05-14,1988,1980,2,243,4:03,27,0
One More Try,George Michael,1988-05-28,1988,1980,3,353,5:53,26,0
Together Forever,Rick Astley,1988-06-18,1988,1980,1,201,3:21,19,0
Foolish Beat,Debbie Gibson,1988-06-25,1988,1980,1,202,3:22,32,0
Dirty Diana,Michael Jackson,1988-07-02,1988,1980,1,280,4:40,28,0
The Flame,Cheap Trick,1988-07-09,1988,1980,2,281,4:41,20,0
Hold On to the Nights,Richard Marx,1988-07-23,1988,1980,1,316,5:16,44,0
Roll With It,Steve Winwood,1988-07-30,1988,1980,4,279,4:39,18,0
Monkey,George Michael,1988-08-27,1988,1980,2,289,4:49,25,0
Sweet Child O' Mine,Guns N' Roses,1988-09-10,1988,1980,2,356,5:56,46,0
"Don't Worry, Be Happy",Bobby McFerrin,1988-09-24,1988,1980,2,294,4:54,30,0
Love Bites,Def Leppard,1988-10-08,1988,1980,1,346,5:46,24,0
Red Red Wine,UB40,1988-10-15,1988,1980,1,183,3:03,0,0
A Groovy Kind of Love,Phil Collins,1988-10-22,1988,1980,2,210,3:30,12,0
Kokomo,The Beach Boys,1988-11-05,1988,1980,1,217,3:37,4,0
Wild Wild West,The Escape Club,1988-11-12,1988,1980,1,244,4:04,14,0
Bad Medicine,Bon Jovi,1988-11-19,1988,1980,2,238,3:58,16,0
"Baby, I Love Your Way / Freebird Medley",Will to Power,1988-12-03,1988,1980,1,247,4:07,13,0
Look Away,Chicago,1988-12-10,1988,1980,2,240,4:00,10,0
Every Rose Has Its Thorn,Poison,1988-12-24,1988,1980,3,260,4:20,17,0
My Prerogative,Bobby Brown,1989-01-14,1989,1980,1,271,4:31,22,0
Two Hearts,Phil Collins,1989-01-21,1989,1980,2,204,3:24,25,0
When I'm With You,Sheriff,1989-02-04,1989,1980,1,233,3:53,18,0
Straight Up,Paula Abdul,1989-02-11,1989,1980,3,231,3:51,11,0
Lost in Your Eyes,Debbie Gibson,1989-03-04,1989,1980,3,213,3:33,12,0
The Living Years,Mike & the Mechanics,1989-03-25,1989,1980,1,330,5:30,30,0
Eternal Flame,The Bangles,1989-04-01,1989,1980,1,238,3:58,7,0
The Look,Roxette,1989-04-08,1989,1980,1,237,3:57,19,0
She Drives Me Crazy,Fine Young Cannibals,1989-04-15,1989,1980,1,215,3:35,23,0
Like a Prayer,Madonna,1989-04-22,1989,1980,3,340,5:40,10,0
I'll Be There for You,Bon Jovi,1989-05-13,1989,1980,1,346,5:46,18,0
Forever Your Girl,Paula Abdul,1989-05-20,1989,1980,2,300,5:00,32,0
Rock On,Michael Damian,1989-06-03,1989,1980,1,202,3:22,25,0
Wind Beneath My Wings,Bette Midler,1989-06-10,1989,1980,1,293,4:53,18,0
I'll Be Loving You (Forever),New Kids on the Block,1989-06-17,1989,1980,1,263,4:23,34,0
Satisfied,Richard Marx,1989-06-24,1989,1980,1,254,4:14,30,0
Baby Don't Forget My Number,Milli Vanilli,1989-07-01,1989,1980,1,249,4:09,27,0
Good Thing,Fine Young Cannibals,1989-07-08,1989,1980,1,202,3:22,14,0
If You Don't Know Me By Now,Simply Red,1989-07-15,1989,1980,1,204,3:24,16,0
Toy Soldiers,Martika,1989-07-22,1989,1980,2,260,4:20,20,0
Batdance,Prince,1989-08-05,1989,1980,1,247,4:07,28,0
Right Here Waiting,Richard Marx,1989-08-12,1989,1980,3,264,4:24,46,0
Cold Hearted,Paula Abdul,1989-09-02,1989,1980,1,231,3:51,16,0
Hangin' Tough,New Kids on the Block,1989-09-09,1989,1980,1,231,3:51,33,0
Don't Wanna Lose You,Gloria Estefan,1989-09-16,1989,1980,1,250,4:10,0,0
Girl I'm Gonna Miss You,Milli Vanilli,1989-09-23,1989,1980,2,238,3:58,20,0
Miss You Much,Janet Jackson,1989-10-07,1989,1980,4,252,4:12,46,0
Listen to Your Heart,Roxette,1989-11-04,1989,1980,1,315,5:15,23,0
When I See You Smile,Bad English,1989-11-11,1989,1980,2,257,4:17,7,0
Blame it On the Rain,Milli Vanilli,1989-11-25,1989,1980,2,248,4:08,22,0
We Didn't Start the Fire,Billy Joel,1989-12-09,1989,1980,2,245,4:05,14,0
Another Day in Paradise,Phil Collins,1989-12-23,1989,1980,4,289,4:49,31,0
How Am I Supposed to Live Without You,Michael Bolton,1990-01-20,1990,1990,3,245,4:05,16,0
Opposites Attract,Paula Abdul & Wild Pair,1990-02-10,1990,1990,3,230,3:50,17,0
Escapade,Janet Jackson,1990-03-03,1990,1990,3,283,4:43,50,0
Black Velvet,Alannah Myles,1990-03-24,1990,1990,2,287,4:47,24,0
Love Will Lead You Back,Taylor Dayne,1990-04-07,1990,1990,1,277,4:37,23,0
I'll Be Your Everything,Tommy Page,1990-04-14,1990,1990,1,244,4:04,16,0
Nothing Compares 2 U,Sinead O'Connor,1990-04-21,1990,1990,4,280,4:40,10,0
Vogue,Madonna,1990-05-19,1990,1990,3,289,4:49,67,0
Hold On,Wilson Phillips,1990-06-09,1990,1990,1,221,3:41,15,0
It Must Have Been Love,Roxette,1990-06-16,1990,1990,2,258,4:18,29,0
Step by Step,New Kids on the Block,1990-06-30,1990,1990,3,267,4:27,31,0
She Ain't Worth It,Glenn Medeiros ft. Bobby Brown,1990-07-21,1990,1990,2,218,3:38,19,0
Vision of Love,Mariah Carey,1990-08-04,1990,1990,4,209,3:29,23,0
If Wishes Came True,Sweet Sensation,1990-09-01,1990,1990,1,315,5:15,41,0
Blaze of Glory,Jon Bon Jovi,1990-09-08,1990,1990,1,340,5:40,45,0
Release Me,Wilson Phillips,1990-09-15,1990,1990,2,231,3:51,14,0
(Can't Live Without Your) Love and Affection,Nelson,1990-09-29,1990,1990,1,244,4:04,7,0
Close to You,Maxi Priest,1990-10-06,1990,1990,1,243,4:03,11,0
Praying For Time,George Michael,1990-10-13,1990,1990,1,281,4:41,31,0
I Don't Have the Heart,James Ingram,1990-10-20,1990,1990,1,253,4:13,13,0
Black Cat,Janet Jackson,1990-10-27,1990,1990,1,290,4:50,43,0
Ice Ice Baby,Vanilla Ice,1990-11-03,1990,1990,1,270,4:30,25,0
Love Takes Time,Mariah Carey,1990-11-10,1990,1990,3,229,3:49,15,0
I'm Your Baby Tonight,Whitney Houston,1990-12-01,1990,1990,1,299,4:59,19,0
Because I Love You (The Postman Song),Stevie B,1990-12-08,1990,1990,4,246,4:06,31,0
Justify My Love,Madonna,1991-01-05,1991,1990,2,296,4:56,33,0
Love Will Never Do (Without You),Janet Jackson,1991-01-19,1991,1990,1,273,4:33,35,0
The First Time,Surface,1991-01-26,1991,1990,2,255,4:15,20,0
Gonna Make You Sweat (Everybody Dance Now),C+C Music Factory ft. Freedom Williams,1991-02-09,1991,1990,2,244,4:04,53,0
All the Man that I Need,Whitney Houston,1991-02-23,1991,1990,2,251,4:11,25,0
Someday,Mariah Carey,1991-03-09,1991,1990,2,246,4:06,27,0
One More Try,Timmy T,1991-03-23,1991,1990,1,209,3:29,14,0
Coming Out of the Dark,Gloria Estefan,1991-03-30,1991,1990,2,242,4:02,16,0
I've Been Thinking About You,Londonbeat,1991-04-13,1991,1990,1,230,3:50,16,0
You're in Love,Wilson Phillips,1991-04-20,1991,1990,1,247,4:07,19,0
Baby Baby,Amy Grant,1991-04-27,1991,1990,2,244,4:04,20,0
Joyride,Roxette,1991-05-11,1991,1990,1,241,4:01,17,0
I Like The Way (Kissing Game),Hi-Five,1991-05-18,1991,1990,1,270,4:30,42,0
I Don't Wanna Cry,Mariah Carey,1991-05-25,1991,1990,2,288,4:48,24,0
More Than Words,Extreme,1991-06-08,1991,1990,1,238,3:58,11,0
Rush Rush,Paula Abdul,1991-06-15,1991,1990,5,298,4:58,18,0
Unbelievable,EMF,1991-07-20,1991,1990,1,209,3:29,13,0
(Everything I Do) I Do It For You,Bryan Adams,1991-07-27,1991,1990,7,250,4:10,15,0
The Promise of a New Day,Paula Abdul,1991-09-14,1991,1990,1,272,4:32,18,0
I Adore Mi Amor,Color Me Badd,1991-09-21,1991,1990,2,289,4:49,39,0
Good Vibrations,Marky Mark & the Funky Bunch ft. Loleatta Holloway,1991-10-05,1991,1990,1,269,4:29,32,0
Emotions,Mariah Carey,1991-10-12,1991,1990,3,248,4:08,17,0
Romantic,Karyn White,1991-11-02,1991,1990,1,247,4:07,23,0
Cream,Prince & the New Power Generation,1991-11-09,1991,1990,2,253,4:13,32,0
When a Man Loves a Woman,Michael Bolton,1991-11-23,1991,1990,1,231,3:51,16,0
Set Adrift on Memory Bliss,P.M. Dawn,1991-11-30,1991,1990,1,235,3:55,43,0
Black or White,Michael Jackson,1991-12-07,1991,1990,7,202,3:22,22,0
All 4 Love,Color Me Badd,1992-01-25,1992,1990,1,211,3:31,8,0
Don't Let the Sun Go Down on Me,George Michael & Elton John,1992-02-01,1992,1990,1,346,5:46,20,0
I'm Too Sexy,Right Said Fred,1992-02-08,1992,1990,3,170,2:50,24,1
To Be With You,Mr. Big,1992-02-29,1992,1990,3,207,3:27,7,0
Save the Best for Last,Vanessa Williams,1992-03-21,1992,1990,5,218,3:38,15,0
Jump,Kris Kross,1992-04-25,1992,1990,8,193,3:13,0,0
I'll Be There,Mariah Carey,1992-06-20,1992,1990,2,264,4:24,14,0
Baby Got Back,Sir Mix-a-Lot,1992-07-04,1992,1990,5,262,4:22,31,0
This Used to Be My Playground,Madonna,1992-08-08,1992,1990,1,310,5:10,28,0
End of the Road,Boyz II Men,1992-08-15,1992,1990,13,254,4:14,4,0
How Do You Talk to an Angel,The Heights,1992-11-14,1992,1990,2,227,3:47,13,0
I Will Always Love You,Whitney Houston,1992-11-28,1992,1990,14,271,4:31,43,0
A Whole New World,Peabo Bryson & Regina Belle,1993-03-06,1993,1990,1,243,4:03,9,0
Informer,Snow,1993-03-13,1993,1990,7,268,4:28,23,0
Freak Me,Silk,1993-05-01,1993,1990,2,274,4:34,13,0
That's the Way Love Goes,Janet Jackson,1993-05-15,1993,1990,8,265,4:25,75,0
Weak,SWV,1993-07-10,1993,1990,2,291,4:51,8,0
(I Can't Help) Falling in Love With You,UB40,1993-07-24,1993,1990,7,207,3:27,36,0
Dreamlover,Mariah Carey,1993-09-11,1993,1990,8,232,3:52,38,0
I'd Do Anything For Love (But I Won't Do That),Meat Loaf,1993-11-06,1993,1990,5,316,5:16,11,0
Again,Janet Jackson,1993-12-11,1993,1990,2,227,3:47,15,0
Hero,Mariah Carey,1993-12-25,1993,1990,4,257,4:17,15,0
All For Love,"Bryan Adams, Rod Stewart, & Sting",1994-01-22,1994,1990,3,283,4:43,4,0
The Power of Love,Céline Dion,1994-02-12,1994,1990,4,286,4:46,0,0
The Sign,Ace of Base,1994-03-12,1994,1990,6,191,3:11,32,0
Bump n' Grind,R. Kelly,1994-04-09,1994,1990,4,256,4:16,32,0
I Swear,All-4-One,1994-05-21,1994,1990,11,259,4:19,21,0
Stay (I Missed You),Lisa Loeb & Nine Stories,1994-08-06,1994,1990,3,184,3:04,12,0
I'll Make Love to You,Boyz II Men,1994-08-27,1994,1990,14,236,3:56,24,0
On Bended Knee,Boyz II Men,1994-12-03,1994,1990,6,329,5:29,21,0
Here Comes the Hotstepper,Ini Kamoze,1994-12-17,1994,1990,2,253,4:13,25,0
Creep,TLC,1995-01-28,1995,1990,4,266,4:26,31,0
Take a Bow,Madonna,1995-02-25,1995,1990,7,320,5:20,32,0
This Is How We Do It,Montell Jordan,1995-04-15,1995,1990,7,237,3:57,32,0
Have You Ever Really Loved a Woman?,Bryan Adams,1995-06-03,1995,1990,5,291,4:51,9,0
Waterfalls,TLC,1995-07-08,1995,1990,7,279,4:39,34,0
Kiss From a Rose,Seal,1995-08-26,1995,1990,1,214,3:34,12,0
You Are Not Alone,Michael Jackson,1995-09-02,1995,1990,1,346,5:46,17,0
Gangsta's Paradise,Coolio ft. LV,1995-09-09,1995,1990,3,240,4:00,12,0
Fantasy,Mariah Carey,1995-09-30,1995,1990,8,243,4:03,39,0
Exhale (Shoop Shoop),Whitney Houston,1995-11-25,1995,1990,1,204,3:24,0,0
One Sweet Day,Mariah Carey & Boyz II Men,1995-12-02,1995,1990,16,281,4:41,20,0
Because You Loved Me,Céline Dion,1996-03-23,1996,1990,6,274,4:34,0,0
Always Be My Baby,Mariah Carey,1996-05-04,1996,1990,2,258,4:18,49,0
Tha Crossroads,Bone Thugs-N-Harmony,1996-05-18,1996,1990,8,223,3:43,19,0
How Do U Want It,2Pac ft. K-Ci & Jojo,1996-07-13,1996,1990,2,239,3:59,22,0
You're Makin' Me High,Toni Braxton,1996-07-27,1996,1990,1,246,4:06,31,0
Macarena (Bayside Boys Mix),Los del Río,1996-08-03,1996,1990,14,251,4:11,37,0
No Diggity,BLACKstreet ft. Dr. Dre,1996-11-09,1996,1990,4,306,5:06,22,0
Un-Break My Heart,Toni Braxton,1996-12-07,1996,1990,11,270,4:30,21,0
Wannabe,Spice Girls,1997-02-22,1997,1990,4,173,2:53,4,1
Can't Nobody Hold Me Down,Puff Daddy ft. Mase,1997-03-22,1997,1990,6,231,3:51,11,0
Hypnotize,The Notorious B.I.G.,1997-05-03,1997,1990,3,230,3:50,6,0
MMMBop,Hanson,1997-05-24,1997,1990,3,238,3:58,18,0
I'll Be Missing You,"Puff Daddy, Faith Evans, & 112",1997-06-14,1997,1990,11,300,5:00,18,0
Mo Money Mo Problems,The Notorious B.I.G. ft. Puff Daddy & Mase,1997-08-30,1997,1990,2,257,4:17,19,0
Honey,Mariah Carey,1997-09-13,1997,1990,3,299,4:59,53,0
4 Seasons of Loneliness,Boyz II Men,1997-10-04,1997,1990,1,292,4:52,36,0
Candle in the Wind 1997,Elton John,1997-10-11,1997,1990,14,250,4:10,8,0
Truly Madly Deeply,Savage Garden,1998-01-17,1998,1990,2,277,4:37,16,0
Together Again,Janet Jackson,1998-01-31,1998,1990,2,301,5:01,59,0
Nice & Slow,Usher,1998-02-14,1998,1990,2,227,3:47,32,0
My Heart Will Go On,Céline Dion,1998-02-28,1998,1990,2,280,4:40,21,0
Gettin' Jiggy wit It,Will Smith,1998-03-14,1998,1990,3,227,3:47,19,0
All My Life,K-Ci & JoJo,1998-04-04,1998,1990,3,221,3:41,15,0
Too Close,Next,1998-04-25,1998,1990,5,259,4:19,24,0
My All,Mariah Carey,1998-05-23,1998,1990,1,230,3:50,20,0
The Boy is Mine,Brandy & Monica,1998-06-06,1998,1990,13,240,4:00,32,0
I Don't Want to Miss a Thing,Aerosmith,1998-09-05,1998,1990,4,298,4:58,30,0
The First Night,Monica,1998-10-03,1998,1990,5,235,3:55,32,0
One Week,Barenaked Ladies,1998-10-17,1998,1990,1,229,3:49,0,0
Doo Wop (That Thing),Lauryn Hill,1998-11-14,1998,1990,2,240,4:00,29,0
Lately,Divine,1998-11-28,1998,1990,1,268,4:28,20,0
I'm Your Angel,R. Kelly & Céline Dion,1998-12-05,1998,1990,6,332,5:32,10,0
Have You Ever?,Brandy,1999-01-16,1999,1990,2,273,4:33,32,0
…Baby One More Time,Britney Spears,1999-01-30,1999,1990,2,211,3:31,12,0
Angel of Mine,Monica,1999-02-13,1999,1990,4,250,4:10,22,0
Believe,Cher,1999-03-13,1999,1990,4,239,3:59,29,0
No Scrubs,TLC,1999-04-10,1999,1990,4,214,3:34,10,0
Livin' la Vida Loca,Ricky Martin,1999-05-08,1999,1990,5,243,4:03,11,0
If You Had My Love,Jennifer Lopez,1999-06-12,1999,1990,5,266,4:26,20,0
"Bills, Bills, Bills",Destiny's Child,1999-07-17,1999,1990,1,256,4:16,15,0
Wild Wild West,Will Smith ft. Dru Hill & Kool Moe Dee,1999-07-24,1999,1990,1,245,4:05,10,0
Genie in a Bottle,Christina Aguilera,1999-07-31,1999,1990,5,217,3:37,14,0
Bailamos,Enrique Iglesias,1999-09-04,1999,1990,2,214,3:34,23,0
Unpretty,TLC,1999-09-18,1999,1990,3,240,4:00,24,0
Heartbreaker,Mariah Carey ft. Jay-Z,1999-10-09,1999,1990,2,285,4:45,29,0
Smooth,Santana ft. Rob Thomas,1999-10-23,1999,1990,12,241,4:01,9,0
What a Girl Wants,Christina Aguilera,2000-01-15,2000,2000,2,215,3:35,14,0
I Knew I Loved You,Savage Garden,2000-01-29,2000,2000,4,250,4:10,16,0
Thank God I Found You,Mariah Carey ft. Joe & 98 Degrees,2000-02-19,2000,2000,1,257,4:17,15,0
Amazed,Lonestar,2000-03-04,2000,2000,2,239,3:59,10,0
Say My Name,Destiny's Child,2000-03-18,2000,2000,3,240,4:00,32,0
Maria Maria,Santana ft. The Product G&B,2000-04-08,2000,2000,10,261,4:21,19,0
Try Again,Aaliyah,2000-06-17,2000,2000,1,287,4:47,20,0
Be with You,Enrique Iglesias,2000-06-24,2000,2000,3,220,3:40,28,0
Everything You Want,Vertical Horizon,2000-07-15,2000,2000,1,257,4:17,20,0
Bent,Matchbox Twenty,2000-07-22,2000,2000,1,256,4:16,21,0
It's Gonna Be Me,NSYNC,2000-07-29,2000,2000,2,192,3:12,13,0
Incomplete,Sisqó,2000-08-12,2000,2000,2,274,4:34,17,0
Doesn't Really Matter,Janet Jackson,2000-08-26,2000,2000,3,297,4:57,22,0
Music,Madonna,2000-09-16,2000,2000,4,225,3:45,40,0
Come On Over Baby (All I Want Is You),Christina Aguilera,2000-10-14,2000,2000,4,203,3:23,16,0
With Arms Wide Open,Christina Aguilera,2000-11-11,2000,2000,1,273,4:33,17,0
"Independent Women, Part 1",Destiny's Child,2000-11-18,2000,2000,11,216,3:36,19,0
It Wasn't Me,"Shaggy ft. Ricardo ""RikRok"" Ducent",2001-02-03,2001,2000,2,227,3:47,20,0
Ms. Jackson,Outkast,2001-02-17,2001,2000,1,238,3:58,23,0
Stutter,Joe ft. Mystikal,2001-02-24,2001,2000,4,213,3:33,16,0
Butterfly,Crazy Town,2001-03-24,2001,2000,2,215,3:35,10,0
Angel,Shaggy ft. Rayvon,2001-03-31,2001,2000,1,235,3:55,24,0
All for You,Janet Jackson,2001-04-14,2001,2000,7,272,4:32,44,0
Lady Marmalade,"Christina Aguilera, Lil' Kim, Mýa, & Pink",2001-06-02,2001,2000,5,264,4:24,13,0
U Remind Me,Usher,2001-07-07,2001,2000,4,266,4:26,11,0
Bootylicious,Destiny's Child,2001-08-04,2001,2000,2,207,3:27,19,0
Fallin',Alicia Keys,2001-08-18,2001,2000,6,195,3:15,17,0
I'm Real (Murder Remix),Jennifer Lopez ft. Ja Rule,2001-09-08,2001,2000,5,266,4:26,25,0
Family Affair,Mary J. Blige,2001-11-03,2001,2000,6,244,4:04,21,0
U Got It Bad,Usher,2001-12-15,2001,2000,6,247,4:07,31,0
How You Remind Me,Nickelback,2001-12-22,2001,2000,4,223,3:43,0,0
Always on Time,Ja Rule ft. Ashanti,2002-02-23,2002,2000,2,245,4:05,22,0
Ain't it Funny (Murder Remix),Jennifer Lopez ft. Ja Rule & Caddillac Tah,2002-03-09,2002,2000,6,231,3:51,29,0
Foolish,Ashanti,2002-04-20,2002,2000,10,227,3:47,12,0
Hot in Herre,Nelly,2002-06-29,2002,2000,7,228,3:48,29,0
Dilemma,Nelly ft. Kelly Rowland,2002-08-17,2002,2000,10,289,4:49,45,0
A Moment Like This,Kelly Clarkson,2002-10-05,2002,2000,2,228,3:48,8,0
Lose Yourself,Eminem,2002-11-09,2002,2000,12,321,5:21,53,0
"Bump, Bump, Bump",B2K ft. P. Diddy,2003-02-01,2003,2000,1,282,4:42,20,0
All I Have,Jennifer Lopez ft. LL Cool J,2003-02-08,2003,2000,4,254,4:14,32,0
In da Club,50 Cent,2003-03-08,2003,2000,9,193,3:13,15,0
Get Busy,Sean Paul,2003-05-10,2003,2000,3,211,3:31,10,0
21 Questions,50 Cent ft. Nate Dogg,2003-05-31,2003,2000,4,224,3:44,17,0
This is the Night,Clay Aiken,2003-06-28,2003,2000,2,212,3:32,9,0
Crazy in Love,Beyoncé ft. Jay-Z,2003-07-12,2003,2000,8,236,3:56,30,0
Shake Ya Tailfeather,"Nelly, P. Diddy, & Murphy Lee",2003-09-06,2003,2000,4,295,4:55,36,0
Baby Boy,Beyoncé ft. Sean Paul,2003-10-04,2003,2000,9,244,4:04,21,0
Stand Up,Ludacris ft. Shawnna,2003-12-06,2003,2000,1,213,3:33,11,0
Hey Ya!,Outkast,2003-12-13,2003,2000,9,235,3:55,1,0
The Way You Move,Outkast ft. Sleepy Brown,2004-02-14,2004,2000,1,234,3:54,17,0
Slow Jamz,Twista ft. Kanye West & Jamie Foxx,2004-02-21,2004,2000,1,212,3:32,6,0
Yeah!,Usher ft. Lil Jon & Ludacris,2004-02-28,2004,2000,12,250,4:10,19,0
Burn,Usher,2004-05-22,2004,2000,8,256,4:16,36,0
I Believe,Fantasia,2004-07-10,2004,2000,1,300,5:00,15,0
Confession Part II,Usher,2004-07-24,2004,2000,2,211,3:31,13,0
Slow Motion,Juvenile ft. Soulja Slim,2004-08-07,2004,2000,2,248,4:08,32,0
Lean Back,Terror Squad,2004-08-21,2004,2000,3,247,4:07,30,0
Goodies,Ciara ft. Petey Pablo,2004-09-11,2004,2000,7,223,3:43,6,0
My Boo,Usher & Alicia Keys,2004-10-30,2004,2000,6,223,3:43,35,0
Drop It Like It's Hot,Snoop Dogg ft. Pharrell Williams,2004-12-11,2004,2000,3,269,4:29,23,0
Let Me Love You,Mario,2005-01-01,2005,2000,9,256,4:16,22,0
Candy Shop,50 Cent ft. Olivia,2005-03-05,2005,2000,9,219,3:39,14,0
Hollaback Girl,Gwen Stefani,2005-05-07,2005,2000,4,199,3:19,6,0
We Belong Together,Mariah Carey,2005-06-04,2005,2000,14,201,3:21,21,0
Inside Your Heaven,Carrie Underwood,2005-07-02,2005,2000,1,225,3:45,14,0
Gold Digger,Kanye West ft. Jamie Foxx,2005-09-17,2005,2000,10,197,3:17,17,0
Run It!,Chris Brown ft. Juelz Santana,2005-11-26,2005,2000,5,229,3:49,19,0
Don't Forget About Us,Mariah Carey,2005-12-31,2005,2000,2,233,3:53,17,0
Laffy Taffy,D4L,2006-01-14,2006,2000,1,224,3:44,24,0
Grillz,"Nelly ft. Paul Wall, Ali & Gipp",2006-01-21,2006,2000,2,271,4:31,26,0
Check on It,Beyoncé ft. Bun B & Slim Thug,2006-02-04,2006,2000,5,210,3:30,17,0
You're Beautiful,James Blunt,2006-03-11,2006,2000,1,209,3:29,35,0
So Sick,Ne-Yo,2006-03-18,2006,2000,2,197,3:17,19,0
Temperature,Sean Paul,2006-04-01,2006,2000,1,218,3:38,15,0
Bad Day,Daniel Powter,2006-04-08,2006,2000,5,233,3:53,8,0
SOS,Rihanna,2006-05-13,2006,2000,3,238,3:58,14,0
Ridin',Chamillionaire ft. Krayzie Bone,2006-06-03,2006,2000,2,303,5:03,11,0
Hips Don't Lie,Shakira ft. Wyclef Jean,2006-06-17,2006,2000,2,218,3:38,9,0
Do I Make You Proud,Taylor Hicks,2006-07-01,2006,2000,1,248,4:08,14,0
Promiscuous,Nelly Furtado ft. Timbaland,2006-07-08,2006,2000,6,242,4:02,4,0
London Bridge,Fergie,2006-08-19,2006,2000,3,202,3:22,20,0
SexyBack,Justin Timberlake,2006-09-09,2006,2000,7,242,4:02,15,0
Money Maker,Ludacris ft. Pharrell Williams,2006-10-28,2006,2000,2,230,3:50,11,0
My Love,Justin Timberlake ft. T.I.,2006-11-11,2006,2000,3,281,4:41,19,0
I Wanna Love You,Akon ft. Snoop Dogg,2006-12-02,2006,2000,2,247,4:07,11,0
Irreplaceable,Beyoncé,2006-12-16,2006,2000,10,227,3:47,12,0
Say It Right,Nelly Furtado,2007-02-24,2007,2000,1,223,3:43,24,0
What Goes Around … Comes Around,Justin Timberlake,2007-03-03,2007,2000,1,313,5:13,19,0
This Is Why I'm Hot,MiMS,2007-03-10,2007,2000,2,259,4:19,11,0
Glamorous,Fergie ft. Ludacris,2007-03-24,2007,2000,2,246,4:06,16,0
Don't Matter,Akon,2007-04-07,2007,2000,2,249,4:09,32,0
Give It To Me,Timbaland ft. Nelly Furtado & Justin Timberlake,2007-04-21,2007,2000,2,236,3:56,25,0
Girlfriend,Avril Lavigne,2007-05-05,2007,2000,1,216,3:36,0,0
Makes Me Wonder,Maroon 5,2007-05-12,2007,2000,3,211,3:31,17,0
Buy U a Drank (Shawty Snappin'),T-Pain ft. Yung Joc,2007-05-26,2007,2000,1,227,3:47,23,0
Umbrella,Rihanna ft. Jay-Z,2007-06-09,2007,2000,7,275,4:35,3,0
Hey There Delilah,Plain White-T's,2007-07-28,2007,2000,2,232,3:52,9,0
Beautiful Girls,Sean Kingston,2007-08-11,2007,2000,4,225,3:45,33,0
Big Girls Don't Cry,Fergie,2007-09-08,2007,2000,1,268,4:28,10,0
Crank That (Soulja Boy),Soulja Boy Tell 'Em,2007-09-15,2007,2000,7,221,3:41,14,0
Stronger,Kanye West,2007-09-29,2007,2000,1,311,5:11,5,0
Kiss Kiss,Chris Brown ft. T-Pain,2007-11-10,2007,2000,3,250,4:10,27,0
No One,Alicia Keys,2007-12-01,2007,2000,5,253,4:13,12,0
Low,Flo Rida ft. T-Pain,2008-01-05,2008,2000,10,231,3:51,16,0
Love in This Club,Usher ft. Young Jeezy,2008-03-15,2008,2000,3,259,4:19,20,0
Bleeding Love,Leona Lewis,2008-04-05,2008,2000,4,261,4:21,18,0
Touch My Body,Mariah Carey,2008-04-12,2008,2000,2,204,3:24,12,0
Lollipop,Lil Wayne ft. Static Major,2008-05-03,2008,2000,5,299,4:59,51,0
Take a Bow,Rihanna,2008-05-24,2008,2000,1,229,3:49,23,0
Viva La Vida,Coldplay,2008-06-28,2008,2000,1,242,4:02,16,0
I Kissed a Girl,Katy Perry,2008-07-05,2008,2000,7,179,2:59,3,1
Disturbia,Rihanna,2008-08-23,2008,2000,2,238,3:58,17,0
Whatever You Like,T.I.,2008-09-06,2008,2000,7,249,4:09,12,0
So What,P!nk,2008-09-27,2008,2000,1,215,3:35,12,0
Live Your Life,T.I. ft. Rihanna,2008-10-18,2008,2000,6,338,5:38,24,0
Womanizer,Britney Spears,2008-10-25,2008,2000,1,224,3:44,14,0
Single Ladies (Put a Ring on It),Beyoncé,2008-12-13,2008,2000,4,193,3:13,3,0
Just Dance,Lady Gaga ft. Colby O'Donis,2009-01-17,2009,2000,3,241,4:01,16,0
My Life Would Suck Without You,Kelly Clarkson,2009-02-17,2009,2000,2,211,3:31,15,0
Crack a Bottle,"Eminem, Dr. Dre, & 50 Cent",2009-02-21,2009,2000,1,297,4:57,30,0
Right Round,Flo Rida,2009-02-28,2009,2000,6,204,3:24,8,0
Poker Face,Lady Gaga,2009-04-11,2009,2000,1,237,3:57,24,0
Boom Boom Pow,The Black Eyed Peas,2009-04-18,2009,2000,12,252,4:12,14,0
I Gotta Feeling,The Black Eyed Peas,2009-07-11,2009,2000,14,289,4:49,28,0
Down,Jay Sean ft. Lil Wayne,2009-10-17,2009,2000,2,212,3:32,4,0
3,Britney Spears,2009-10-24,2009,2000,1,205,3:25,0,0
Fireflies,Owl City,2009-11-07,2009,2000,2,228,3:48,21,0
Whatcha Say,Jason Derulo,2009-11-14,2009,2000,1,221,3:41,0,0
Empire State of Mind,Jay-Z & Alicia Keys,2009-11-28,2009,2000,5,276,4:36,9,0
Tik Tok,Kesha,2010-01-02,2010,2010,9,299,4:59,0,0
Imma Be,The Black Eyed Peas,2010-03-06,2010,2010,2,257,4:17,5,0
Break Your Heart,Taio Cruz ft. Ludacris,2010-03-20,2010,2010,1,186,3:06,17,0
Rude Boy,Rihanna,2010-03-27,2010,2010,5,222,3:42,11,0
Nothin' On You,B.o.B. ft. Bruno Mars,2010-05-01,2010,2010,2,268,4:28,4,0
OMG,Usher ft. will.i.am,2010-05-15,2010,2010,4,269,4:29,13,0
Not Afraid,Eminem,2010-05-22,2010,2010,1,248,4:08,22,0
California Gurls,Katy Perry ft. Snoop Dogg,2010-06-19,2010,2010,6,236,3:56,7,0
Love the Way You Lie,Eminem ft. Rihanna,2010-07-31,2010,2010,7,263,4:23,0,0
Teenage Dream,Katy Perry,2010-09-18,2010,2010,2,227,3:47,4,0
Just the Way You Are,Bruno Mars,2010-10-02,2010,2010,4,220,3:40,18,0
Like a G6,Far East Movement ft. The Cataracs & Dev,2010-10-30,2010,2010,3,206,3:26,0,0
We R Who We R,Kesha,2010-11-13,2010,2010,1,204,3:24,6,0
What's My Name?,Rihanna ft. Drake,2010-11-20,2010,2010,1,263,4:23,0,0
Only Girl (In the World),Rihanna,2010-12-04,2010,2010,1,235,3:55,14,0
Raise Your Glass,P!nk,2010-12-11,2010,2010,1,202,3:22,9,0
Firework,Katy Perry,2010-12-18,2010,2010,4,227,3:47,8,0
Grenade,Bruno Mars,2011-01-08,2011,2010,4,223,3:43,4,0
Hold It Against Me,Britney Spears,2011-01-29,2011,2010,1,228,3:48,8,0
Black and Yellow,Wiz Khalifa,2011-02-19,2011,2010,1,207,3:27,0,0
Born This Way,Lady Gaga,2011-02-26,2011,2010,6,260,4:20,28,0
E.T.,Katy Perry ft. Kanye West,2011-04-09,2011,2010,5,229,3:49,31,0
S&M,Rihanna ft. Britney Spears,2011-04-30,2011,2010,1,257,4:17,30,0
Rolling in the Deep,Adele,2011-05-21,2011,2010,7,228,3:48,5,0
Give Me Everything,"Pitbull ft. Ne-Yo, Afrojack, & Nayer",2011-07-08,2011,2010,1,252,4:12,15,0
Party Rock Anthem,LMFAO ft. Lauren Bennett & GoonRock,2011-07-16,2011,2010,6,266,4:26,29,0
Last Friday Night (T.G.I.F.),Katy Perry,2011-08-27,2011,2010,2,230,3:50,7,0
Moves Like Jagger,Maroon 5 ft. Christina Aguilera,2011-09-10,2011,2010,4,201,3:21,14,0
Someone Like You,Adele,2011-09-17,2011,2010,5,285,4:45,14,0
We Found Love,Rihanna ft. Calvin Harris,2011-11-12,2011,2010,10,215,3:35,8,0
Sexy and I Know It,LMFAO,2012-01-07,2012,2010,2,199,3:19,15,0
Set Fire to the Rain,Adele,2012-02-04,2012,2010,2,242,4:02,8,0
Stronger (What Doesn't Kill You),Kelly Clarkson,2012-02-18,2012,2010,3,221,3:41,8,0
Part of Me,Katy Perry,2012-03-03,2012,2010,1,216,3:36,2,0
We Are Young,fun. ft. Janelle Monáe,2012-03-17,2012,2010,6,250,4:10,8,0
Somebody That I Used to Know,Gotye ft. Kimbra,2012-04-28,2012,2010,8,244,4:04,19,0
Call Me Maybe,Carly Rae Jepsen,2012-06-23,2012,2010,9,193,3:13,4,0
Whistle,Flo Rida,2012-08-25,2012,2010,2,224,3:44,8,0
We Are Never Ever Getting Back Together,Taylor Swift,2012-09-01,2012,2010,3,191,3:11,5,0
One More Night,Maroon 5,2012-09-29,2012,2010,9,209,3:29,10,0
Diamonds,Rihanna,2012-12-01,2012,2010,3,225,3:45,13,0
Locked Out of Heaven,Bruno Mars,2012-12-22,2012,2010,6,233,3:53,17,0
Thrift Shop,Macklemore & Ryan Lewis ft. Wanz,2013-02-02,2013,2010,6,235,3:55,33,0
Harlem Shake,Baauer,2013-03-02,2013,2010,5,196,3:16,16,0
When I Was Your Man,Bruno Mars,2013-04-20,2013,2010,1,213,3:33,13,0
Just Give Me a Reason,P!nk ft. Nate Ruess,2013-04-27,2013,2010,3,242,4:02,10,0
Can't Hold Us,Macklemore & Ryan Lewis ft. Ray Dalton,2013-05-18,2013,2010,5,258,4:18,20,0
Blurred Lines,Robin Thicke ft. T.I. & Pharrell Williiams,2013-06-22,2013,2010,12,263,4:23,19,0
Roar,Katy Perry,2013-09-14,2013,2010,2,223,3:43,5,0
Wrecking Ball,Miley Cyrus,2013-09-28,2013,2010,3,221,3:41,7,0
Royals,Lorde,2013-10-12,2013,2010,9,190,3:10,0,0
The Monster,Eminem ft. Rihanna,2013-12-21,2013,2010,4,250,4:10,0,0
Timber,Pitbull ft. Kesha,2014-01-18,2014,2010,3,204,3:24,7,0
Dark Horse,Katy Perry ft. Juicy J,2014-02-08,2014,2010,4,215,3:35,15,0
Happy,Pharrell Williams,2014-03-08,2014,2010,10,232,3:52,2,0
All of Me,John Legend,2014-05-17,2014,2010,3,269,4:29,8,0
Fancy,Iggy Azalea ft. Charli XCX,2014-06-07,2014,2010,7,199,3:19,8,0
Rude,MAGIC!,2014-07-26,2014,2010,6,224,3:44,1,0
Shake It Off,Taylor Swift,2014-09-06,2014,2010,4,209,3:29,5,0
All About that Bass,Meghan Trainor,2014-09-20,2014,2010,8,187,3:07,0,0
Blank Space,Taylor Swift,2014-11-29,2014,2010,7,231,3:51,5,0
Uptown Funk,Mark Ronson ft. Bruno Mars,2015-01-17,2015,2010,14,269,4:29,8,0
See You Again,Wiz Khalifa ft. Charlie Puth,2015-04-25,2015,2010,12,229,3:49,11,0
Bad Blood,Taylor Swift ft. Kendrick Lamar,2015-06-06,2015,2010,1,200,3:20,0,0
Cheerleader,OMI,2015-07-25,2015,2010,6,180,3:00,15,0
Can't Feel My Face,The Weeknd,2015-08-22,2015,2010,3,213,3:33,8,0
What Do You Mean?,Justin Bieber,2015-09-19,2015,2010,1,205,3:25,14,0
The Hills,The Weeknd,2015-10-03,2015,2010,6,242,4:02,8,0
Hello,Adele,2015-11-14,2015,2010,10,295,4:55,6,0
Sorry,Justin Bieber,2016-01-23,2016,2010,3,200,3:20,9,0
Love Yourself,Justin Bieber,2016-02-13,2016,2010,2,233,3:53,0,0
PILLOWTALK,Zayn,2016-02-20,2016,2010,1,202,3:22,15,0
Work,Rihanna ft. Drake,2016-03-05,2016,2010,9,219,3:39,10,0
Panda,Desiigner,2016-05-07,2016,2010,2,247,4:07,40,0
One Dance,Drake ft. Wizkid & Kyla,2016-05-21,2016,2010,10,173,2:53,11,1
CAN'T STOP THE FEELING!,Justin Timberlake,2016-05-28,2016,2010,1,237,3:57,7,0
Cheap Thrills,Sia ft. Sean Paul,2016-08-06,2016,2010,4,224,3:44,11,0
Closer,The Chainsmokers ft. Halsey,2016-09-03,2016,2010,12,244,4:04,10,0
Black Beatles,Rae Sremmurd ft. Gucci Mane,2016-11-26,2016,2010,7,291,4:51,27,0
Starboy,The Weeknd ft. Daft Punk,2017-01-07,2017,2010,1,230,3:50,16,0
Bad and Boujee,Migos ft. Lil Uzi Vert,2017-01-21,2017,2010,3,343,5:43,8,0
Shape of You,Ed Sheeran,2017-01-28,2017,2010,12,233,3:53,10,0
HUMBLE.,Kendrick Lamar,2017-05-06,2017,2010,1,177,2:57,7,1
That's What I Like,Bruno Mars,2017-05-13,2017,2010,1,206,3:26,3,0
I'm the One,"DJ Khaled ft. Justin Bieber, Quavo, Chance the Rapper, & Lil Wayne",2017-05-20,2017,2010,1,288,4:48,11,0
Despacito,Luis Fonsi & Daddy Yankee ft. Justin Bieber,2017-05-27,2017,2010,16,228,3:48,9,0
Look What You Made Me Do,Taylor Swift,2017-09-16,2017,2010,3,211,3:31,15,0
Bodak Yellow,Cardi B,2017-10-07,2017,2010,3,223,3:43,13,0
rockstar,Post Malone ft. 21 Savage,2017-10-28,2017,2010,8,218,3:38,14,0
Perfect,Ed Sheeran & Beyoncé,2017-12-23,2017,2010,6,269,4:29,2,0
Havana,Camila Cabello ft. Young Thug,2018-01-27,2018,2010,1,217,3:37,8,0
God's Plan,Drake,2018-02-03,2018,2010,11,198,3:18,12,0
Nice For What,Drake,2018-04-21,2018,2010,8,210,3:30,34,0
This is America,Childish Gambino,2018-05-19,2018,2010,2,225,3:45,49,0
Psycho,Post Malone ft. Ty Dolla $ign,2018-06-16,2018,2010,1,221,3:41,12,0
SAD!,XXXTENTACION,2018-06-30,2018,2010,1,166,2:46,25,1
I Like It,"Cardi B, Bad Bunny, & J Balvin",2018-07-07,2018,2010,1,253,4:13,13,0
In My Feelings,Drake,2018-07-21,2018,2010,10,217,3:37,11,0
Girls Like You,Maroon 5 ft. Cardi B,2018-09-29,2018,2010,7,235,3:55,6,0
"thank u, next",Ariana Grande,2018-11-17,2018,2010,7,207,3:27,8,0
SICKO MODE,Travis Scott,2018-12-08,2018,2010,1,312,5:12,28,0
Without Me,Halsey,2019-01-12,2019,2010,2,201,3:21,14,0
Sunflower,Post Malone & Swae Lee,2019-01-19,2019,2010,1,158,2:38,27,1
7 rings,Ariana Grande,2019-02-02,2019,2010,8,178,2:58,14,1
Shallow,Lady Gaga & Bradley Cooper,2019-03-09,2019,2010,1,217,3:37,15,0
Sucker,Jonas Brothers,2019-03-16,2019,2010,1,181,3:01,0,0
Old Town Road,Lil Nas X ft. Billy Ray Cyrus,2019-04-13,2019,2010,19,157,2:37,13,1
bad guy,Billie Eilish,2019-08-24,2019,2010,1,194,3:14,13,0
Señorita,Shawn Mendes & Camila Cabello,2019-08-31,2019,2010,1,190,3:10,15,0
Truth Hurts,Lizzo,2019-09-07,2019,2010,7,173,2:53,11,1
HIGHEST IN THE ROOM,Travis Scott,2019-10-19,2019,2010,1,175,2:55,12,1
Someone You Loved,Lewis Capaldi,2019-11-02,2019,2010,3,182,3:02,8,0
Lose You to Love Me,Selena Gomez,2019-11-09,2019,2010,1,206,3:26,10,0
Circles,Post Malone,2019-11-30,2019,2010,3,215,3:35,34,0
Heartless,The Weeknd,2019-12-14,2019,2010,1,198,3:18,23,0
All I Want for Christmas is You,Mariah Carey,2019-12-21,2019,2010,8,241,4:01,57,0
The Box,Roddy Ricch,2020-01-18,2020,2020,11,196,3:16,15,0
Blinding Lights,The Weeknd,2020-04-04,2020,2020,4,200,3:20,27,0
Toosie Slide,Drake,2020-04-18,2020,2020,1,247,4:07,10,0
THE SCOTTS,Travis Scott & Kid Cudi,2020-05-09,2020,2020,1,165,2:45,23,1
Say So,Doja Cat ft. Nicki Minaj,2020-05-16,2020,2020,1,206,3:26,10,0
Stuck With U,Ariana Grande & Justin Bieber,2020-05-23,2020,2020,1,228,3:48,20,0
Savage,Megan Thee Stallion ft. Beyoncé,2020-05-30,2020,2020,1,242,4:02,12,0
Rain on Me,Lady Gaga & Ariana Grande,2020-06-06,2020,2020,1,182,3:02,1,0
ROCKSTAR,DaBaby ft. Roddy Ricch,2020-06-13,2020,2020,7,181,3:01,21,0
TROLLZ,6ix9ine & Nicki Minaj,2020-06-27,2020,2020,1,202,3:22,3,0
cardigan,Taylor Swift,2020-08-08,2020,2020,1,239,3:59,7,0
Watermelon Sugar,Harry Styles,2020-08-15,2020,2020,1,176,2:56,0,1
WAP,Cardi B ft. Megan Thee Stallion,2020-08-22,2020,2020,4,187,3:07,6,0
Dynamite,BTS,2020-09-05,2020,2020,3,199,3:19,0,0
FRANCHISE,Travis Scott ft. Young Thug & M.I.A.,2020-10-10,2020,2020,1,202,3:22,22,0
Savage Love (Laxed - Siren Beat),"Jawsh 685, Jason Derulo, & BTS",2020-10-17,2020,2020,1,185,3:05,2,0
Mood,24kGoldn ft. iann dior,2020-10-24,2020,2020,8,140,2:20,9,1
positions,Ariana Grande,2020-11-07,2020,2020,1,172,2:52,7,1
Life Goes On,BTS,2020-12-05,2020,2020,1,207,3:27,11,0
willow,Taylor Swift,2020-12-26,2020,2020,1,214,3:34,12,0
drivers license,Olivia Rodrigo,2021-01-23,2021,2020,8,242,4:02,8,0
What's Next,Drake,2021-03-20,2021,2020,1,178,2:58,15,1
Up,Cardi B,2021-03-27,2021,2020,1,156,2:36,6,1
Peaches,Justin Bieber ft. Daniel Caeser & Giveon,2021-04-03,2021,2020,1,198,3:18,9,0
MONTERO (Call Me By Your Name),Lil Nas X,2021-04-10,2021,2020,1,137,2:17,7,1
Leave the Door Open,Silk Sonic,2021-04-17,2021,2020,2,242,4:02,13,0
RAPSTAR,Polo G,2021-04-24,2021,2020,2,165,2:45,10,1
Save Your Tears,The Weeknd & Ariana Grande,2021-05-08,2021,2020,2,191,3:11,8,0
good 4 u,Olivia Rodrigo,2021-05-29,2021,2020,1,178,2:58,6,1
Butter,BTS,2021-06-05,2021,2020,10,164,2:44,4,1
Permission to Dance,BTS,2021-07-24,2021,2020,1,187,3:07,0,0
STAY,The Kid Laroi & Justin Bieber,2021-08-14,2021,2020,7,141,2:21,11,1
Way 2 Sexy,Drake ft. Future & Young Thug,2021-09-18,2021,2020,1,257,4:17,14,0
My Universe,Coldplay & BTS,2021-10-09,2021,2020,1,228,3:48,4,0
INDUSTRY BABY,Lil Nas X & Jack Harlow,2021-10-23,2021,2020,1,212,3:32,6,0
Easy on Me,Adele,2021-10-30,2021,2020,10,224,3:44,13,0
All Too Well (10 Minute Version),Taylor Swift,2021-11-27,2021,2020,1,613,10:13,23,0
We Don't Talk About Bruno,"Carolina Gaitán, Mauro Castillo, Adassa, Rhenzy Feliz, Diane Guerrero, Stephanie Beatriz, and the Encanto cast",2022-02-05,2022,2020,5,216,3:36,1,0
Heat Waves,Glass Animals,2022-03-12,2022,2020,5,238,3:58,41,0
As It Was,Harry Styles,2022-04-16,2022,2020,15,167,2:47,14,1
First Class,Jack Harlow,2022-04-23,2022,2020,3,173,2:53,4,1
WAIT 4 U,Future ft. Drake & Tems,2022-05-14,2022,2020,1,189,3:09,22,0
Jimmy Cooks,Drake ft. 21 Savage,2022-07-02,2022,2020,1,218,3:38,26,0
About Damn Time,Lizzo,2022-07-30,2022,2020,2,191,3:11,10,0
BREAK MY SOUL,Beyoncé,2022-08-13,2022,2020,2,278,4:38,21,0
Super Freaky Girl,Nicki Minaj,2022-08-27,2022,2020,1,170,2:50,10,1
Bad Habit,Steve Lacy,2022-10-08,2022,2020,3,232,3:52,2,0
Unholy,Sam Smith & Kim Petras,2022-10-29,2022,2020,1,156,2:36,21,1
Anti-Hero,Taylor Swift,2022-11-05,2022,2020,8,200,3:20,5,0
Flowers,Miley Cyrus,2023-01-28,2023,2020,8,200,3:20,8,0
Die for You,The Weeknd & Ariana Grande,2023-03-11,2023,2020,1,232,3:52,15,0
Last Night,Morgan Wallen,2023-03-18,2023,2020,16,163,2:43,9,1
Like Crazy,Jimin,2023-04-08,2023,2020,1,212,3:32,15,0
Kill Bill,SZA,2023-04-29,2023,2020,1,153,2:33,14,1
vampire,Olivia Rodrigo,2023-07-15,2023,2020,2,291,4:51,14,0
Seven,Jungkook ft. Latto,2023-07-29,2023,2020,1,184,3:04,9,0
Try That in a Small Town,Jason Aldean,2023-08-05,2023,2020,1,180,3:00,16,0
Rich Men North of Richmond,Oliver Anthony Music,2023-08-26,2023,2020,2,187,3:07,0,0
I Remember Everything,Zach Bryan ft. Kacey Musgraves,2023-09-09,2023,2020,1,227,3:47,22,0
Paint the Town Red,Doja Cat,2023-09-16,2023,2020,3,231,3:51,19,0
Slime You Out,Drake ft. SZA,2023-09-30,2023,2020,1,310,5:10,24,0
First Person Shooter,Drake ft. J Cole,2023-10-21,2023,2020,1,247,4:07,23,0
Cruel Summer,Taylor Swift,2023-10-28,2023,2020,4,178,2:58,5,1
Is It Over Now?,Taylor Swift,2023-11-11,2023,2020,1,229,3:49,24,0
Lovin On Me,Jack Harlow,2023-12-02,2023,2020,6,138,2:18,9,1
Rockin' Around the Christmas Tree,Brenda Lee,2023-12-09,2023,2020,3,126,2:06,7,1
"yes, and?",Ariana Grande,2024-01-27,2024,2020,1,214,3:34,48,0
HISS,Megan Thee Stallion,2024-02-10,2024,2020,1,192,3:12,17,0
TEXAS HOLD 'EM,Beyoncé,2024-03-02,2024,2020,2,233,3:53,13,0
CARNIVAL,Kanye West & Ty Dolla $ign ft. Rich the Kid & Playboi Cardi,2024-03-16,2024,2020,1,264,4:24,38,0
we can't be friends (wait for your love),Ariana Grande,2024-03-23,2024,2020,1,228,3:48,7,0
Lose Control,Teddy Swims,2024-03-30,2024,2020,1,210,3:30,5,0
Like That,"Future, Metro Boomin, & Kendrick Lamar",2024-04-06,2024,2020,3,267,4:27,18,0
Too Sweet,Hozier,2024-04-27,2024,2020,1,251,4:11,20,0
Fortnight,Taylor Swift ft. Post Malone,2024-05-04,2024,2020,2,228,3:48,3,0
Not Like Us,Kendrick Lamar,2024-05-18,2024,2020,2,234,3:54,7,0
I Had Some Help,Post Malone ft. Morgan Wallen,2024-05-25,2024,2020,6,178,2:58,15,1
Please Please Please,Sabrina Carpenter,2024-06-29,2024,2020,1,186,3:06,18,0
A Bar Song (Tipsy),Shaboozey,2024-07-13,2024,2020,19,171,2:51,12,1
Love Somebody,Morgan Wallen,2024-11-02,2024,2020,1,204,3:24,15,0
squabble up,Kendrick Lamar,2024-12-07,2024,2020,1,157,2:37,9,1
Die with a Smile,Bruno Mars & Lady Gaga,2025-01-11,2025,2020,2,251,4:11,9,0
